[realtimeEngine] ================================================


[realtimeEngine] ========== 收到 ble_server 数据包 ==========
[realtimeEngine] 数据包类型: data
[realtimeEngine] 接收时间: 2025-12-26T05:10:37.437Z
[realtimeEngine] 完整数据包内容: {
  "type": "data",
  "ts": 1766725837.43798,
  "dev1": {
    "f": 4734,
    "n": 9,
    "raw": [
      [
        272496,
        164868,
        102026,
        165623,
        306221,
        160094,
        8388607,
        425813,
        164969,
        20245,
        114910,
        -1135264,
        58969,
        362151,
        40286,
        -8388608
      ],
      [
        272331,
        164708,
        102275,
        165279,
        306124,
        159558,
        8388607,
        425728,
        164864,
        20294,
        114351,
        -1132340,
        59324,
        362382,
        40636,
        -8388608
      ],
      [
        272176,
        164492,
        102294,
        165051,
        305904,
        160622,
        8388607,
        425973,
        164840,
        20218,
        114339,
        -1126898,
        59440,
        362340,
        40864,
        -8388608
      ],
      [
        272436,
        165145,
        102576,
        165290,
        306063,
        160826,
        8388607,
        426660,
        164629,
        20478,
        114723,
        -1114930,
        59959,
        362279,
        40419,
        -8388608
      ],
      [
        273182,
        164990,
        103109,
        165669,
        306486,
        160854,
        8388607,
        427119,
        165051,
        20631,
        115011,
        -1107114,
        60994,
        362269,
        40269,
        -8388608
      ],
      [
        274036,
        164813,
        103613,
        165510,
        306469,
        161278,
        8388607,
        427538,
        165204,
        20744,
        114719,
        -1107267,
        62001,
        362194,
        40309,
        -8388608
      ],
      [
        274636,
        165021,
        104773,
        165613,
        306376,
        164848,
        8388607,
        428153,
        165186,
        21053,
        114782,
        -1104449,
        62859,
        362591,
        40312,
        -8388608
      ],
      [
        275031,
        165399,
        105308,
        165571,
        306441,
        163263,
        8388607,
        428701,
        165409,
        20860,
        114826,
        -1100939,
        63663,
        362565,
        40508,
        -8388608
      ],
      [
        275476,
        164948,
        105668,
        165799,
        306423,
        164753,
        8388607,
        429446,
        165315,
        20734,
        114940,
        -1097633,
        64646,
        362734,
        41041,
        -8388608
      ]
    ],
    "uv": [
      [
        1835.2567111864405,
        1110.383651355932,
        687.1436689548021,
        1115.4685656920904,
        2062.3941098446326,
        1078.2308287853107,
        56497.14966185028,
        2867.84454069209,
        1111.0638849293784,
        136.3497890536723,
        773.917226977401,
        -7645.98700519774,
        397.15538210451973,
        2439.0818698728813,
        271.3256409887005,
        -56497.15639683615
      ],
      [
        1834.1454385169488,
        1109.306053615819,
        688.8206804378531,
        1113.1517305508473,
        2061.740816214689,
        1074.620876355932,
        56497.14966185028,
        2867.272066892655,
        1110.3567114124291,
        136.67980336158192,
        770.1523698728813,
        -7626.293906497174,
        399.54630209039544,
        2440.637651610169,
        273.68288604519773,
        -56497.15639683615
      ],
      [
        1833.1015157062145,
        1107.8512966666665,
        688.9486451694914,
        1111.6161537711864,
        2060.2591193220337,
        1081.7869013276834,
        56497.14966185028,
        2868.922138432203,
        1110.1950717514123,
        136.16794443502823,
        770.0715500423728,
        -7589.642113361581,
        400.3275604519774,
        2440.3547822033897,
        275.2184628248587,
        -56497.15639683615
      ],
      [
        1834.8526120338981,
        1112.2492424435027,
        690.8479111864406,
        1113.2258153954801,
        2061.329982076271,
        1083.1608384463275,
        56497.14966185028,
        2873.5490737288133,
        1108.7739897316383,
        137.91904076271186,
        772.657784618644,
        -7509.037802401129,
        403.82301812146886,
        2439.9439480649717,
        272.22139411016946,
        -56497.15639683615
      ],
      [
        1839.876911497175,
        1111.2053196327681,
        694.437658658192,
        1115.7783750423728,
        2064.1788811016945,
        1083.3494180508474,
        56497.14966185028,
        2876.6404322457624,
        1111.6161537711864,
        138.9494936016949,
        774.5974605508474,
        -7456.39715279661,
        410.7937285028248,
        2439.8765982062146,
        271.2111462288135,
        -56497.15639683615
      ],
      [
        1845.628589435028,
        1110.0132271327682,
        697.832091539548,
        1114.7075122881354,
        2064.0643863418077,
        1086.2050520621467,
        56497.14966185028,
        2879.4623913276832,
        1112.6466066101693,
        139.7105470056497,
        772.6308446751411,
        -7457.427605635592,
        417.57585927966096,
        2439.3714742655366,
        271.4805456638418,
        -56497.15639683615
      ],
      [
        1849.6695809604519,
        1111.4141041949151,
        705.6446751553672,
        1115.4012158333333,
        2063.438032655367,
        1110.248951638418,
        56497.14966185028,
        2883.6044076412427,
        1112.5253768644066,
        141.79165764124292,
        773.0551487853106,
        -7438.448415437852,
        423.3544771610169,
        2442.0452636581917,
        271.5007506214689,
        -56497.15639683615
      ],
      [
        1852.3299003813556,
        1113.959928855932,
        709.24789259887,
        1115.1183464265534,
        2063.875806737288,
        1099.5739990254235,
        56497.14966185028,
        2887.29517990113,
        1114.0272787146891,
        140.49180536723162,
        773.3514881638417,
        -7414.8086150141235,
        428.7694058050847,
        2441.8701540254233,
        272.82080785310734,
        -56497.15639683615
      ],
      [
        1855.3269690960449,
        1110.9224502259885,
        711.6724875141242,
        1116.6539232062146,
        2063.754576991525,
        1109.6091279802258,
        56497.14966185028,
        2892.3127443785306,
        1113.3941900423727,
        139.64319714689265,
        774.1192765536722,
        -7392.542751709038,
        435.3898969209039,
        2443.008366638418,
        276.4105553248587,
        -56497.15639683615
      ]
    ],
    "imu": [
      [
        [
          -0.998046875,
          -0.0224609375,
          0.06298828125
        ],
        [
          -0.18310546875,
          0.30517578125,
          -0.244140625
        ],
        [
          2.85,
          15.299999999999999,
          -52.35
        ]
      ],
      [
        [
          -0.9873046875,
          -0.021484375,
          0.02587890625
        ],
        [
          -1.52587890625,
          1.03759765625,
          0.42724609375
        ],
        [
          11.25,
          20.7,
          -8.549999999999999
        ]
      ]
    ],
    "s": [
      4590,
      153
    ],
    "t": 1766725837.4354835
  },
  "dev2": null,
  "active": [
    1
  ]
}
[realtimeEngine] ================================================


[realtimeEngine] ========== 收到 ble_server 数据包 ==========
[realtimeEngine] 数据包类型: data
[realtimeEngine] 接收时间: 2025-12-26T05:10:37.443Z
[realtimeEngine] 完整数据包内容: {
  "type": "data",
  "ts": 1766725837.4434862,
  "dev1": {
    "f": 4743,
    "n": 9,
    "raw": [
      [
        275954,
        164951,
        106188,
        165784,
        306284,
        166283,
        8388607,
        430059,
        165550,
        20716,
        114856,
        -1097572,
        65398,
        362900,
        41062,
        -8388608
      ],
      [
        276262,
        164790,
        106341,
        165598,
        306244,
        164862,
        8388607,
        430014,
        165401,
        20534,
        114758,
        -1103298,
        65533,
        362639,
        40741,
        -8388608
      ],
      [
        276239,
        165062,
        106089,
        165618,
        306461,
        161123,
        8388607,
        429565,
        165277,
        20591,
        114862,
        -1107689,
        65212,
        362621,
        40784,
        -8388608
      ],
      [
        276403,
        164801,
        106259,
        165906,
        306597,
        161773,
        8388607,
        429446,
        165429,
        20270,
        115055,
        -1106865,
        64862,
        362674,
        40786,
        -8388608
      ],
      [
        276335,
        164678,
        106161,
        166270,
        306746,
        160786,
        8388607,
        429404,
        165366,
        20360,
        115299,
        -1112855,
        64527,
        362841,
        40566,
        -8388608
      ],
      [
        275729,
        165438,
        105433,
        166143,
        306583,
        159244,
        8388607,
        428906,
        165393,
        20441,
        114959,
        -1119930,
        63492,
        362869,
        40322,
        -8388608
      ],
      [
        274828,
        165363,
        104565,
        165973,
        306508,
        159113,
        8388607,
        428567,
        165261,
        20253,
        114794,
        -1121767,
        62599,
        362633,
        40295,
        -8388608
      ],
      [
        274444,
        165673,
        104282,
        166298,
        306916,
        159403,
        8388607,
        427991,
        165484,
        20494,
        115167,
        -1122827,
        61629,
        362698,
        40486,
        -8388608
      ],
      [
        273828,
        165703,
        104216,
        166444,
        306859,
        159784,
        8388607,
        427358,
        165479,
        20604,
        115079,
        -1128521,
        60629,
        363065,
        40712,
        -8388608
      ]
    ],
    "uv": [
      [
        1858.5462923446325,
        1110.9426551836157,
        715.1746801694915,
        1116.552898418079,
        2062.818413954802,
        1119.9136563700563,
        56497.14966185028,
        2896.4412907203387,
        1114.9769117231638,
        139.52196740112993,
        773.5535377401129,
        -7392.13191757062,
        440.454606299435,
        2444.126374293785,
        276.55199002824855,
        -56497.15639683615
      ],
      [
        1860.62066799435,
        1109.858322457627,
        716.2051330084745,
        1115.3001910451976,
        2062.5490145197737,
        1110.3432414406777,
        56497.14966185028,
        2896.138216355932,
        1113.9733988276835,
        138.2961999717514,
        772.8935091242937,
        -7430.696446694915,
        441.3638293926553,
        2442.368542980226,
        274.39005956214686,
        -56497.15639683615
      ],
      [
        1860.465763319209,
        1111.690238615819,
        714.5079165677965,
        1115.4348907627118,
        2064.010506454802,
        1085.1611292514124,
        56497.14966185028,
        2893.11420769774,
        1113.138260579096,
        138.68009416666666,
        773.5939476553672,
        -7460.26976967514,
        439.2018989265536,
        2442.247313234463,
        274.6796639548022,
        -56497.15639683615
      ],
      [
        1861.5703010028246,
        1109.9324073022597,
        715.6528641666666,
        1117.374566694915,
        2064.926464533898,
        1089.5388700706214,
        56497.14966185028,
        2892.3127443785306,
        1114.1619784322033,
        136.51816370056497,
        774.8937999293785,
        -7454.720141313558,
        436.84465387005645,
        2442.6042674858754,
        274.6931339265536,
        -56497.15639683615
      ],
      [
        1861.1123219632766,
        1109.1040040395478,
        714.9928355508474,
        1119.8261015536723,
        2065.929977429378,
        1082.8914390112993,
        56497.14966185028,
        2892.0298749717513,
        1113.7376743220339,
        137.1243124293785,
        776.5371364830507,
        -7495.062706709039,
        434.5884336016949,
        2443.7290101271183,
        273.2114370338983,
        -56497.15639683615
      ],
      [
        1857.0309205225988,
        1114.2225933050845,
        710.0897658333332,
        1118.9707583474576,
        2064.832174731638,
        1072.5060907909603,
        56497.14966185028,
        2888.675852005649,
        1113.9195189406778,
        137.6698462853107,
        774.2472412853107,
        -7542.71273177966,
        427.6177232203389,
        2443.917589731638,
        271.56810048022595,
        -56497.15639683615
      ],
      [
        1850.9626982485875,
        1113.7174693644067,
        704.2437980932202,
        1117.8258107485874,
        2064.32705079096,
        1071.6238076412428,
        56497.14966185028,
        2886.392691793785,
        1113.0305008050846,
        136.40366894067796,
        773.1359686158191,
        -7555.0849008333325,
        421.6033808333333,
        2442.3281330649716,
        271.3862558615819,
        -56497.15639683615
      ],
      [
        1848.3764636723163,
        1115.8053149858756,
        702.3377970903954,
        1120.014681158192,
        2067.0749250282483,
        1073.5769535451975,
        56497.14966185028,
        2882.513339929378,
        1114.5324026553672,
        138.02680053672316,
        775.6481183474575,
        -7562.223985861581,
        415.07044453389824,
        2442.7659071468925,
        272.6726381638418,
        -56497.15639683615
      ],
      [
        1844.2277123728811,
        1116.0073645621467,
        701.8932880225988,
        1120.997989096045,
        2066.691030833333,
        1076.1429831638418,
        56497.14966185028,
        2878.250093870056,
        1114.4987277259886,
        138.76764898305083,
        775.0554395903954,
        -7600.572995437852,
        408.33545865819207,
        2445.2376469632763,
        274.1947449717514,
        -56497.15639683615
      ]
    ],
    "imu": [
      [
        [
          -1.00390625,
          -0.02294921875,
          0.0712890625
        ],
        [
          -0.06103515625,
          0.67138671875,
          -0.06103515625
        ],
        [
          2.85,
          13.5,
          -52.949999999999996
        ]
      ],
      [
        [
          -0.99853515625,
          -0.0234375,
          0.02734375
        ],
        [
          -1.220703125,
          1.03759765625,
          0.3662109375
        ],
        [
          11.85,
          21,
          -8.1
        ]
      ]
    ],
    "s": [
      4599,
      153
    ],
    "t": 1766725837.4399867
  },
  "dev2": null,
  "active": [
    1
  ]
}
[realtimeEngine] ================================================


[realtimeEngine] ========== 收到 ble_server 数据包 ==========
[realtimeEngine] 数据包类型: data
[realtimeEngine] 接收时间: 2025-12-26T05:10:37.448Z
[realtimeEngine] 完整数据包内容: {
  "type": "data",
  "ts": 1766725837.4489958,
  "dev1": {
    "f": 4752,
    "n": 9,
    "raw": [
      [
        273331,
        165214,
        103935,
        166173,
        306661,
        160148,
        8388607,
        426837,
        165410,
        20950,
        114454,
        -1136358,
        59928,
        362926,
        40854,
        -8388608
      ],
      [
        272918,
        165413,
        103063,
        165998,
        306652,
        161311,
        8388607,
        426462,
        165126,
        20730,
        114034,
        -1136270,
        58993,
        362863,
        40493,
        -8388608
      ],
      [
        272981,
        165237,
        103101,
        166393,
        306853,
        161316,
        8388607,
        426038,
        165554,
        20629,
        114249,
        -1132244,
        58838,
        363029,
        40443,
        -8388608
      ],
      [
        272521,
        165019,
        103008,
        166075,
        306528,
        161524,
        8388607,
        425601,
        165509,
        20208,
        114691,
        -1128554,
        58613,
        363006,
        40303,
        -8388608
      ],
      [
        272864,
        165326,
        103067,
        166275,
        306586,
        161629,
        8388607,
        425921,
        165610,
        20164,
        115192,
        -1122707,
        59224,
        362814,
        40443,
        -8388608
      ],
      [
        273389,
        165542,
        103258,
        166692,
        306461,
        160384,
        8388607,
        426461,
        165496,
        20342,
        115206,
        -1119231,
        59513,
        362811,
        40666,
        -8388608
      ],
      [
        273548,
        165698,
        103826,
        166102,
        306321,
        159724,
        8388607,
        426968,
        164898,
        20076,
        114931,
        -1114691,
        59811,
        362454,
        40326,
        -8388608
      ],
      [
        273983,
        165487,
        104289,
        166231,
        306449,
        161101,
        8388607,
        427546,
        164827,
        20289,
        114264,
        -1108662,
        60946,
        362607,
        40504,
        -8388608
      ],
      [
        274044,
        165129,
        104639,
        166043,
        306074,
        162494,
        8388607,
        428085,
        164576,
        20092,
        114425,
        -1103430,
        62009,
        362582,
        40458,
        -8388608
      ]
    ],
    "uv": [
      [
        1840.8804243926552,
        1112.7139564689264,
        700.0007569915253,
        1119.1728079237287,
        2065.357503629943,
        1078.5945180225988,
        56497.14966185028,
        2874.741166228813,
        1114.0340137005649,
        141.09795409604519,
        770.846073418079,
        -7653.355079745762,
        403.614233559322,
        2444.3014839265534,
        275.15111296610166,
        -56497.15639683615
      ],
      [
        1838.0988752259884,
        1114.054218658192,
        694.1278493079095,
        1117.9941853954801,
        2065.296888757062,
        1086.4273065960451,
        56497.14966185028,
        2872.215546525423,
        1112.1212777118642,
        139.6162572033898,
        768.0173793502823,
        -7652.7624009886995,
        397.31702176553665,
        2443.877179816384,
        272.7197830649717,
        -56497.15639683615
      ],
      [
        1838.523179336158,
        1112.8688611440678,
        694.3837787711864,
        1120.6545048163841,
        2066.650620918079,
        1086.4609815254237,
        56497.14966185028,
        2869.359912514124,
        1115.0038516666666,
        138.9360236299435,
        769.4654013135593,
        -7625.647347853106,
        396.2730989548022,
        2444.9951874717513,
        272.38303377118643,
        -56497.15639683615
      ],
      [
        1835.425085833333,
        1111.4006342231637,
        693.7574250847457,
        1118.5127793079096,
        2064.4617505084743,
        1087.8618585875704,
        56497.14966185028,
        2866.4167236864405,
        1114.7007773022597,
        136.10059457627116,
        772.4422650706214,
        -7600.79524997175,
        394.7577271327683,
        2444.8402827966097,
        271.4401357485875,
        -56497.15639683615
      ],
      [
        1837.7351859887003,
        1113.4682748870055,
        694.1547892514124,
        1119.8597764830506,
        2064.8523796892655,
        1088.5690321045197,
        56497.14966185028,
        2868.5719191666662,
        1115.3810108757061,
        135.8042551977401,
        775.8164929943501,
        -7561.415787556496,
        398.8728035028248,
        2443.5471655084743,
        272.38303377118643,
        -56497.15639683615
      ],
      [
        1841.2710535734461,
        1114.923031836158,
        695.4411715536722,
        1122.6682655932202,
        2064.010506454802,
        1080.1839746892654,
        56497.14966185028,
        2872.2088115395477,
        1114.6132224858757,
        137.00308268361582,
        775.9107827966101,
        -7538.004976652542,
        400.8192144209039,
        2443.526960550847,
        273.8849356214689,
        -56497.15639683615
      ],
      [
        1842.3419163276833,
        1115.9736896327681,
        699.2666435310733,
        1118.6946239265535,
        2063.067608432203,
        1075.7388840112992,
        56497.14966185028,
        2875.623449378531,
        1110.5857009322033,
        135.21157644067796,
        774.0586616807909,
        -7507.428140776835,
        402.8262402118644,
        2441.12257059322,
        271.5950404237288,
        -56497.15639683615
      ],
      [
        1845.2716351836157,
        1114.5526076129943,
        702.3849419915254,
        1119.5634371045196,
        2063.9296866242935,
        1085.0129595621468,
        56497.14966185028,
        2879.516271214689,
        1110.1075169350281,
        136.64612843220337,
        769.5664261016948,
        -7466.822910932203,
        410.4704491807909,
        2442.153023432203,
        272.7938679096045,
        -56497.15639683615
      ],
      [
        1845.6824693220337,
        1112.1414826694913,
        704.7421870480225,
        1118.2972597598869,
        2061.404066920904,
        1094.3947948870054,
        56497.14966185028,
        2883.1464286016944,
        1108.4170354802259,
        135.31933621468926,
        770.6507588276835,
        -7431.585464830508,
        417.62973916666664,
        2441.9846487853106,
        272.484058559322,
        -56497.15639683615
      ]
    ],
    "imu": [
      [
        [
          -1.0009765625,
          -0.0302734375,
          0.068359375
        ],
        [
          -0.06103515625,
          0.48828125,
          -0.1220703125
        ],
        [
          4.05,
          12.45,
          -53.85
        ]
      ],
      [
        [
          -0.9931640625,
          -0.01904296875,
          0.02392578125
        ],
        [
          -1.3427734375,
          1.0986328125,
          0.6103515625
        ],
        [
          10.049999999999999,
          20.7,
          -8.85
        ]
      ]
    ],
    "s": [
      4608,
      153
    ],
    "t": 1766725837.4444916
  },
  "dev2": null,
  "active": [
    1
  ]
}
[realtimeEngine] ================================================


[realtimeEngine] ========== 收到 ble_server 数据包 ==========
[realtimeEngine] 数据包类型: data
[realtimeEngine] 接收时间: 2025-12-26T05:10:37.454Z
[realtimeEngine] 完整数据包内容: {
  "type": "data",
  "ts": 1766725837.4545023,
  "dev1": {
    "f": 4761,
    "n": 9,
    "raw": [
      [
        274663,
        164214,
        105380,
        166226,
        306204,
        160153,
        8388607,
        428807,
        164315,
        20251,
        114584,
        -1105060,
        63009,
        362729,
        40478,
        -8388608
      ],
      [
        275059,
        164705,
        106021,
        166391,
        306552,
        160581,
        8388607,
        429230,
        164736,
        20571,
        114884,
        -1106129,
        63875,
        362697,
        40660,
        -8388608
      ],
      [
        275103,
        165480,
        105959,
        166202,
        306458,
        161223,
        8388607,
        429528,
        164593,
        20149,
        114182,
        -1104324,
        64389,
        362858,
        40578,
        -8388608
      ],
      [
        274995,
        164786,
        105699,
        165901,
        306180,
        160096,
        8388607,
        429651,
        164615,
        19814,
        113873,
        -1104178,
        64455,
        362679,
        40228,
        -8388608
      ],
      [
        275069,
        164696,
        105400,
        165474,
        305733,
        159594,
        8388607,
        429351,
        164540,
        19724,
        113993,
        -1106757,
        64200,
        362416,
        39734,
        -8388608
      ],
      [
        275872,
        164810,
        105509,
        165716,
        305995,
        160374,
        8388607,
        429787,
        164902,
        20276,
        114339,
        -1112386,
        64106,
        362560,
        39791,
        -8388608
      ],
      [
        275839,
        165728,
        105173,
        165893,
        306177,
        161074,
        8388607,
        429451,
        165301,
        20391,
        114475,
        -1119243,
        63361,
        362714,
        39979,
        -8388608
      ],
      [
        275379,
        165669,
        104831,
        165923,
        306313,
        160665,
        8388607,
        429653,
        165575,
        20476,
        114795,
        -1127049,
        62912,
        362973,
        40433,
        -8388608
      ],
      [
        274835,
        165316,
        104160,
        165974,
        306459,
        160783,
        8388607,
        428948,
        165233,
        20476,
        114792,
        -1131222,
        61835,
        362584,
        40363,
        -8388608
      ]
    ],
    "uv": [
      [
        1849.8514255790958,
        1105.9789705932203,
        709.7328115819208,
        1119.529762175141,
        2062.2796150847457,
        1078.6281929519773,
        56497.14966185028,
        2888.0090884039546,
        1106.6592041666665,
        136.39019896892654,
        771.7216215819208,
        -7442.563491807909,
        424.3647250423728,
        2442.9746917090392,
        272.6187582768361,
        -56497.15639683615
      ],
      [
        1852.5184799858755,
        1109.285848658192,
        714.0499375282485,
        1120.6410348446327,
        2064.6233901694914,
        1081.5107669067795,
        56497.14966185028,
        2890.857987429378,
        1109.4946332203388,
        138.54539444915252,
        773.7421173446327,
        -7449.763191709038,
        430.1972228107344,
        2442.7591721610165,
        273.84452570621465,
        -56497.15639683615
      ],
      [
        1852.8148193644065,
        1114.5054627118643,
        713.6323684039547,
        1119.3681225141243,
        2063.990301497175,
        1085.834627838983,
        56497.14966185028,
        2892.865013220339,
        1108.531530240113,
        135.70323040960452,
        769.0141572598869,
        -7437.606542203389,
        433.6590055508474,
        2443.8435048870056,
        273.29225686440674,
        -56497.15639683615
      ],
      [
        1852.0874408898303,
        1109.8313825141242,
        711.8812720762711,
        1117.3408917655365,
        2062.1179754237287,
        1078.244298757062,
        56497.14966185028,
        2893.6934164830504,
        1108.6796999293783,
        133.4470101412429,
        766.9330466242938,
        -7436.623234265536,
        434.103514618644,
        2442.6379424152537,
        270.9350118079096,
        -56497.15639683615
      ],
      [
        1852.5858298446326,
        1109.2252337853106,
        709.8675112994349,
        1114.46505279661,
        2059.107436737288,
        1074.8633358474574,
        56497.14966185028,
        2891.6729207203384,
        1108.1745759887003,
        132.84086141242938,
        767.7412449293785,
        -7453.992762838982,
        432.3860932203389,
        2440.866641129943,
        267.6079287853107,
        -56497.15639683615
      ],
      [
        1857.9940235028246,
        1109.993022175141,
        710.6016247598869,
        1116.094919378531,
        2060.872003036723,
        1080.1166248305083,
        56497.14966185028,
        2894.6093745621465,
        1110.6126408757061,
        136.5585736158192,
        770.0715500423728,
        -7491.903998333332,
        431.75300454802255,
        2441.836479096045,
        267.99182298022595,
        -56497.15639683615
      ],
      [
        1857.7717689689264,
        1116.1757392090394,
        708.3386695056496,
        1117.2870118785308,
        2062.0977704661013,
        1084.8311149435026,
        56497.14966185028,
        2892.3464193079094,
        1113.299900240113,
        137.3330969915254,
        770.9875081214689,
        -7538.08579648305,
        426.7354400706214,
        2442.873666920904,
        269.2580003248587,
        -56497.15639683615
      ],
      [
        1854.6736754661015,
        1115.7783750423728,
        706.0353043361581,
        1117.4890614548021,
        2063.0137285451974,
        1082.076505720339,
        56497.14966185028,
        2893.706886454802,
        1115.1452863700563,
        137.90557079096044,
        773.1427036016948,
        -7590.659096228813,
        423.7114314124293,
        2444.6180282627115,
        272.31568391242934,
        -56497.15639683615
      ],
      [
        1851.0098431497172,
        1113.4009250282484,
        701.5161288135592,
        1117.832545734463,
        2063.9970364830506,
        1082.8712340536722,
        56497.14966185028,
        2888.958721412429,
        1112.841921200565,
        137.90557079096044,
        773.1224986440677,
        -7618.764192288135,
        416.4578516242937,
        2441.998118757062,
        271.84423490112994,
        -56497.15639683615
      ]
    ],
    "imu": [
      [
        [
          -1.00341796875,
          -0.025390625,
          0.0712890625
        ],
        [
          0.30517578125,
          0.54931640625,
          -0.30517578125
        ],
        [
          4.05,
          12.45,
          -53.85
        ]
      ],
      [
        [
          -0.9912109375,
          -0.02099609375,
          0.03076171875
        ],
        [
          -1.28173828125,
          1.220703125,
          0.18310546875
        ],
        [
          10.049999999999999,
          20.7,
          -8.85
        ]
      ]
    ],
    "s": [
      4617,
      153
    ],
    "t": 1766725837.452999
  },
  "dev2": null,
  "active": [
    1
  ]
}
[realtimeEngine] ================================================


[realtimeEngine] ========== 收到 ble_server 数据包 ==========
[realtimeEngine] 数据包类型: data
[realtimeEngine] 接收时间: 2025-12-26T05:10:37.459Z
[realtimeEngine] 完整数据包内容: {
  "type": "data",
  "ts": 1766725837.4600096,
  "dev1": {
    "f": 4770,
    "n": 9,
    "raw": [
      [
        274404,
        165476,
        103406,
        166001,
        306394,
        161611,
        8388607,
        428056,
        164895,
        20296,
        114341,
        -1136559,
        60759,
        362486,
        40134,
        -8388608
      ],
      [
        274234,
        164623,
        102921,
        166373,
        306227,
        161534,
        8388607,
        427666,
        165021,
        20336,
        114154,
        -1139732,
        59864,
        362761,
        40217,
        -8388608
      ],
      [
        273731,
        164673,
        102082,
        166166,
        306278,
        161113,
        8388607,
        426971,
        164673,
        20532,
        114270,
        -1142986,
        59276,
        362664,
        40474,
        -8388608
      ],
      [
        272978,
        164592,
        101493,
        165834,
        305996,
        159639,
        8388607,
        425684,
        164576,
        20123,
        114328,
        -1142856,
        58431,
        362042,
        39874,
        -8388608
      ],
      [
        272851,
        165718,
        101586,
        165653,
        305740,
        160460,
        8388607,
        425443,
        164664,
        20064,
        114575,
        -1146136,
        58224,
        362238,
        39936,
        -8388608
      ],
      [
        272911,
        166446,
        102151,
        166046,
        305654,
        161154,
        8388607,
        425660,
        164855,
        20446,
        114671,
        -1142404,
        58515,
        362827,
        40382,
        -8388608
      ],
      [
        273053,
        165886,
        102270,
        166118,
        305803,
        161515,
        8388607,
        425595,
        164937,
        20678,
        114318,
        -1134217,
        59033,
        362674,
        40286,
        -8388608
      ],
      [
        273252,
        165778,
        102269,
        165738,
        305799,
        160816,
        8388607,
        425755,
        164973,
        20637,
        114466,
        -1125493,
        59441,
        362468,
        40436,
        -8388608
      ],
      [
        273918,
        165293,
        102702,
        165636,
        305651,
        160499,
        8388607,
        426204,
        164778,
        20303,
        113669,
        -1120311,
        60258,
        362155,
        40216,
        -8388608
      ]
    ],
    "uv": [
      [
        1848.107064237288,
        1114.4785227683615,
        696.4379494632767,
        1118.0143903531073,
        2063.5592624011297,
        1088.447802358757,
        56497.14966185028,
        2882.951114011299,
        1110.5654959745762,
        136.6932733333333,
        770.0850200141242,
        -7654.7088119067785,
        409.2110068220338,
        2441.3380901412424,
        270.3019231355932,
        -56497.15639683615
      ],
      [
        1846.962116638418,
        1108.733579816384,
        693.1714813135592,
        1120.51980509887,
        2062.434519759887,
        1087.9292084463275,
        56497.14966185028,
        2880.3244695197736,
        1111.4141041949151,
        136.96267276836156,
        768.8255776553672,
        -7676.078922090394,
        403.1831944632768,
        2443.190211257062,
        270.8609269632768,
        -56497.15639683615
      ],
      [
        1843.5744187429377,
        1109.0703291101693,
        687.5208281638418,
        1119.1256630225987,
        2062.778004039548,
        1085.0937793926553,
        56497.14966185028,
        2875.643654336158,
        1109.0703291101693,
        138.28273,
        769.606836016949,
        -7697.9945661299425,
        399.22302276836155,
        2442.5369176271183,
        272.5918183333333,
        -56497.15639683615
      ],
      [
        1838.5029743785308,
        1108.5247952542372,
        683.5539214830508,
        1116.8896477118642,
        2060.8787380225986,
        1075.1664102118643,
        56497.14966185028,
        2866.975727514124,
        1108.4170354802259,
        135.52812077683615,
        769.99746519774,
        -7697.119017966101,
        393.53195970338976,
        2438.347756412429,
        268.5508268079096,
        -56497.15639683615
      ],
      [
        1837.647631172316,
        1116.1083893502823,
        684.1802751694914,
        1115.6706152683614,
        2059.1545816384178,
        1080.695833615819,
        56497.14966185028,
        2865.352595918079,
        1109.009714237288,
        135.13075661016947,
        771.6610067090395,
        -7719.209771638417,
        392.1378176271186,
        2439.6678136440673,
        268.96839593220335,
        -56497.15639683615
      ],
      [
        1838.0517303248585,
        1121.0114590677965,
        687.9855421892654,
        1118.317464717514,
        2058.575372853107,
        1085.3699138135592,
        56497.14966185028,
        2866.814087853107,
        1110.296096539548,
        137.70352121468926,
        772.3075653531073,
        -7694.074804350282,
        394.0976985169491,
        2443.6347203248583,
        271.9721996327683,
        -56497.15639683615
      ],
      [
        1839.0080983192088,
        1117.239866977401,
        688.7870055084745,
        1118.8023837005649,
        2059.5788857485873,
        1087.8012437146892,
        56497.14966185028,
        2866.3763137711862,
        1110.8483653813557,
        139.2660379378531,
        769.930115338983,
        -7638.935474985875,
        397.5864212005649,
        2442.6042674858754,
        271.3256409887005,
        -56497.15639683615
      ],
      [
        1840.3483605084743,
        1116.5124885028247,
        688.7802705225988,
        1116.2430890677965,
        2059.5519458050844,
        1083.0934885875704,
        56497.14966185028,
        2867.453911511299,
        1111.0908248728813,
        138.98990351694914,
        770.9268932485875,
        -7580.179458206214,
        400.3342954378531,
        2441.21686039548,
        272.33588887005646,
        -56497.15639683615
      ],
      [
        1844.8338611016948,
        1113.2460203531073,
        691.6965194067795,
        1115.5561205084744,
        2058.55516789548,
        1080.9584980649715,
        56497.14966185028,
        2870.477920169491,
        1109.7775026271186,
        136.74041823446325,
        765.5591095056496,
        -7545.278761398305,
        405.83677889830506,
        2439.108809816384,
        270.8541919774011,
        -56497.15639683615
      ]
    ],
    "imu": [
      [
        [
          -0.99951171875,
          -0.02392578125,
          0.06884765625
        ],
        [
          0,
          0.244140625,
          -0.244140625
        ],
        [
          3.75,
          13.65,
          -52.8
        ]
      ],
      [
        [
          -0.9951171875,
          -0.017578125,
          0.02685546875
        ],
        [
          -1.5869140625,
          0.91552734375,
          0.1220703125
        ],
        [
          10.799999999999999,
          19.2,
          -7.35
        ]
      ]
    ],
    "s": [
      4626,
      153
    ],
    "t": 1766725837.4585056
  },
  "dev2": null,
  "active": [
    1
  ]
}
[realtimeEngine] ================================================


[realtimeEngine] ========== 收到 ble_server 数据包 ==========
[realtimeEngine] 数据包类型: data
[realtimeEngine] 接收时间: 2025-12-26T05:10:37.465Z
[realtimeEngine] 完整数据包内容: {
  "type": "data",
  "ts": 1766725837.4655204,
  "dev1": {
    "f": 4779,
    "n": 9,
    "raw": [
      [
        274343,
        165893,
        103463,
        165826,
        305835,
        160674,
        8388607,
        426868,
        165006,
        20512,
        113533,
        -1116767,
        61564,
        362368,
        40251,
        -8388608
      ],
      [
        274943,
        165319,
        103859,
        165625,
        305755,
        160793,
        8388607,
        427221,
        165099,
        20487,
        113747,
        -1113665,
        62382,
        362553,
        40147,
        -8388608
      ],
      [
        275647,
        165554,
        104315,
        165458,
        305831,
        161645,
        8388607,
        427968,
        165064,
        20429,
        114254,
        -1108135,
        63088,
        362533,
        40256,
        -8388608
      ],
      [
        276374,
        165338,
        104916,
        165793,
        306483,
        161315,
        8388607,
        428729,
        165218,
        20495,
        113783,
        -1104014,
        64058,
        362653,
        40421,
        -8388608
      ],
      [
        276861,
        166088,
        105431,
        166026,
        306255,
        160499,
        8388607,
        429359,
        165279,
        20793,
        113829,
        -1101452,
        65059,
        362685,
        40779,
        -8388608
      ],
      [
        277291,
        166399,
        106136,
        166306,
        306324,
        161946,
        8388607,
        429816,
        165448,
        20967,
        114240,
        -1103651,
        65587,
        362786,
        40823,
        -8388608
      ],
      [
        276959,
        166311,
        106084,
        166285,
        306162,
        161486,
        8388607,
        429602,
        165333,
        20931,
        113965,
        -1111368,
        65198,
        362671,
        40850,
        -8388608
      ],
      [
        276349,
        165674,
        105465,
        165886,
        306073,
        161826,
        8388607,
        429081,
        165269,
        20649,
        113500,
        -1117124,
        64531,
        362511,
        41099,
        -8388608
      ],
      [
        275878,
        166033,
        104546,
        165309,
        305619,
        161560,
        8388607,
        427874,
        164588,
        20222,
        112786,
        -1124195,
        63571,
        361865,
        40573,
        -8388608
      ]
    ],
    "uv": [
      [
        1847.6962300988698,
        1117.2870118785308,
        696.821843658192,
        1116.8357678248585,
        2059.79440529661,
        1082.1371205932203,
        56497.14966185028,
        2874.94995079096,
        1111.3130794067795,
        138.14803028248585,
        764.6431514265536,
        -7521.409971454801,
        414.63267045197733,
        2440.543361807909,
        271.08991648305084,
        -56497.15639683615
      ],
      [
        1851.7372216242936,
        1113.4211299858755,
        699.4888980649716,
        1115.4820356638418,
        2059.2556064265536,
        1082.9385839124293,
        56497.14966185028,
        2877.3274008050844,
        1111.9394330932203,
        137.97965563559322,
        766.0844384039547,
        -7500.518045268361,
        420.141888898305,
        2441.7893341949148,
        270.38947795197737,
        -56497.15639683615
      ],
      [
        1856.4786516807908,
        1115.0038516666666,
        702.5600516242937,
        1114.3572930225987,
        2059.767465353107,
        1088.676791878531,
        56497.14966185028,
        2882.358435254237,
        1111.7037085875704,
        137.58902645480225,
        769.4990762429378,
        -7463.273573375705,
        424.8967889265536,
        2441.654634477401,
        271.12359141242933,
        -56497.15639683615
      ],
      [
        1861.374986412429,
        1113.549094717514,
        706.6077781355931,
        1116.6135132909603,
        2064.1586761440676,
        1086.454246539548,
        56497.14966185028,
        2887.4837595056492,
        1112.7408964124293,
        138.03353552259887,
        766.3268978954801,
        -7435.51869658192,
        431.42972522598865,
        2442.4628327824857,
        272.2348640819209,
        -56497.15639683615
      ],
      [
        1864.654924533898,
        1118.6003341242936,
        710.0762958615818,
        1118.1827649999998,
        2062.6230993644067,
        1080.9584980649715,
        56497.14966185028,
        2891.726800607344,
        1113.1517305508473,
        140.0405613135593,
        766.6367072457626,
        -7418.2636627683605,
        438.1714460875706,
        2442.678352330508,
        274.6459890254237,
        -56497.15639683615
      ],
      [
        1867.5509684604517,
        1120.6949147316384,
        714.8244609039547,
        1120.0685610451976,
        2063.0878133898304,
        1090.7040226271185,
        56497.14966185028,
        2894.804689152542,
        1114.2899431638416,
        141.2124488559322,
        769.4047864406779,
        -7433.073896709038,
        441.72751862994346,
        2443.3585859039545,
        274.9423284039548,
        -56497.15639683615
      ],
      [
        1865.3149531497172,
        1120.1022359745762,
        714.474241638418,
        1119.9271263418077,
        2061.996745677966,
        1087.6059291242937,
        56497.14966185028,
        2893.363402175141,
        1113.5154197881354,
        140.96998936440676,
        767.5526653248587,
        -7485.047782711864,
        439.10760912429373,
        2442.5840625282485,
        275.1241730225988,
        -56497.15639683615
      ],
      [
        1861.2066117655365,
        1115.8120499717513,
        710.3052853813558,
        1117.239866977401,
        2061.397331935028,
        1089.8958243220338,
        56497.14966185028,
        2889.854474533898,
        1113.0843806920902,
        139.0707233474576,
        764.4208968926553,
        -7523.814361412428,
        434.6153735451977,
        2441.5064647881354,
        276.8011845056497,
        -56497.15639683615
      ],
      [
        1858.0344334180788,
        1118.2299099011298,
        704.1158333615818,
        1113.3537801271186,
        2058.3396483474576,
        1088.104318079096,
        56497.14966185028,
        2881.7253465819203,
        1108.4978553107344,
        136.19488437853107,
        759.612116977401,
        -7571.437446539547,
        428.1497871045197,
        2437.155663912429,
        273.2585819350282,
        -56497.15639683615
      ]
    ],
    "imu": [
      [
        [
          -1.0029296875,
          -0.02783203125,
          0.06787109375
        ],
        [
          0,
          0.42724609375,
          0.1220703125
        ],
        [
          2.4,
          13.5,
          -53.699999999999996
        ]
      ],
      [
        [
          -0.99951171875,
          -0.017578125,
          0.02587890625
        ],
        [
          -1.52587890625,
          0.8544921875,
          0.48828125
        ],
        [
          12.75,
          20.55,
          -8.25
        ]
      ]
    ],
    "s": [
      4635,
      153
    ],
    "t": 1766725837.4630127
  },
  "dev2": null,
  "active": [
    1
  ]
}
[realtimeEngine] ================================================


[realtimeEngine] ========== 收到 ble_server 数据包 ==========
[realtimeEngine] 数据包类型: data
[realtimeEngine] 接收时间: 2025-12-26T05:10:37.470Z
[realtimeEngine] 完整数据包内容: {
  "type": "data",
  "ts": 1766725837.4710417,
  "dev1": {
    "f": 4788,
    "n": 9,
    "raw": [
      [
        275029,
        164834,
        103634,
        165041,
        305579,
        161015,
        8388607,
        427174,
        164630,
        20059,
        112898,
        -1130478,
        62235,
        361658,
        40179,
        -8388608
      ],
      [
        274802,
        165146,
        103398,
        165256,
        305386,
        160718,
        8388607,
        426486,
        164988,
        20356,
        113450,
        -1134999,
        61241,
        361797,
        40194,
        -8388608
      ],
      [
        274116,
        165150,
        102587,
        165200,
        305515,
        161239,
        8388607,
        425694,
        164602,
        20241,
        113183,
        -1141509,
        60258,
        361931,
        40134,
        -8388608
      ],
      [
        273653,
        165081,
        101858,
        165174,
        305524,
        160426,
        8388607,
        425159,
        164653,
        19985,
        112734,
        -1142624,
        59678,
        361903,
        40039,
        -8388608
      ],
      [
        273391,
        165438,
        101609,
        165350,
        305664,
        160183,
        8388607,
        424866,
        164867,
        19999,
        112917,
        -1144541,
        59203,
        361988,
        40190,
        -8388608
      ],
      [
        272919,
        165549,
        101330,
        165304,
        305861,
        160964,
        8388607,
        424289,
        164709,
        20183,
        112808,
        -1147234,
        58377,
        362090,
        40359,
        -8388608
      ],
      [
        272613,
        165876,
        101249,
        165445,
        305870,
        160858,
        8388607,
        424223,
        164777,
        20246,
        112721,
        -1149826,
        57753,
        361998,
        40354,
        -8388608
      ],
      [
        272162,
        165509,
        101016,
        165252,
        306023,
        161013,
        8388607,
        424347,
        164724,
        20179,
        112660,
        -1146550,
        57675,
        362089,
        40545,
        -8388608
      ],
      [
        272453,
        165650,
        101696,
        165526,
        306083,
        161176,
        8388607,
        425083,
        164828,
        20294,
        113101,
        -1140544,
        58275,
        362264,
        40668,
        -8388608
      ]
    ],
    "uv": [
      [
        1852.3164304096042,
        1110.154661836158,
        697.9735262429377,
        1111.5488039124293,
        2058.070248912429,
        1084.433750776836,
        56497.14966185028,
        2877.0108564689262,
        1108.780724717514,
        135.09708168079095,
        760.3664353954802,
        -7613.7533627966095,
        419.15184597457625,
        2435.761521836158,
        270.60499749999997,
        -56497.15639683615
      ],
      [
        1850.787588615819,
        1112.2559774293784,
        696.3840695762711,
        1112.996825875706,
        2056.770396638418,
        1082.4334599717513,
        56497.14966185028,
        2872.37718618644,
        1111.191849661017,
        137.0973724858757,
        764.08414759887,
        -7644.202233940677,
        412.4572700141242,
        2436.697684872881,
        270.70602228813556,
        -56497.15639683615
      ],
      [
        1846.1673883050846,
        1112.2829173728812,
        690.9219960310734,
        1112.6196666666665,
        2057.6392098163838,
        1085.9423876129943,
        56497.14966185028,
        2867.043077372881,
        1108.5921451129943,
        136.32284911016947,
        762.2859063700564,
        -7688.046991991525,
        405.83677889830506,
        2437.6001729802256,
        270.3019231355932,
        -56497.15639683615
      ],
      [
        1843.0490898446326,
        1111.8182033474575,
        686.0121913276836,
        1112.4445570338983,
        2057.6998246892654,
        1080.4668440960452,
        56497.14966185028,
        2863.439859929378,
        1108.9356293926553,
        134.59869272598868,
        759.2618977118643,
        -7695.556501242937,
        401.93048709039545,
        2437.4115933757057,
        269.6620994774011,
        -56497.15639683615
      ],
      [
        1841.2845235451975,
        1114.2225933050845,
        684.3351798446326,
        1113.6299145480225,
        2058.6427227118643,
        1078.8302425282484,
        56497.14966185028,
        2861.4665090677963,
        1110.3769163700563,
        134.69298252824856,
        760.4944001271185,
        -7708.467469166666,
        398.73136879943496,
        2437.984067175141,
        270.6790823446327,
        -56497.15639683615
      ],
      [
        1838.1056102118641,
        1114.970176737288,
        682.4561187853107,
        1113.32010519774,
        2059.9695149293784,
        1084.090266497175,
        56497.14966185028,
        2857.580422217514,
        1109.3127886016948,
        135.9322199293785,
        759.7602866666666,
        -7726.604786129943,
        393.16827046610166,
        2438.671035734463,
        271.8172949576271,
        -56497.15639683615
      ],
      [
        1836.044704533898,
        1117.172517118644,
        681.9105849293785,
        1114.2697382062145,
        2060.0301298022596,
        1083.3763579943502,
        56497.14966185028,
        2857.135913149717,
        1109.7707676412429,
        136.35652403954802,
        759.1743428954801,
        -7744.061869519773,
        388.965639279661,
        2438.051417033898,
        271.78362002824855,
        -56497.15639683615
      ],
      [
        1833.0072259039546,
        1114.7007773022597,
        680.3413332203389,
        1112.9698859322032,
        2061.0605826412425,
        1084.4202808050845,
        56497.14966185028,
        2857.9710513983046,
        1109.4138133898305,
        135.9052799858757,
        758.763508757062,
        -7721.998055790959,
        388.4403103813559,
        2438.6643007485873,
        273.07000233050843,
        -56497.15639683615
      ],
      [
        1834.9671067937852,
        1115.6504103107343,
        684.9211236158192,
        1114.8152720621467,
        2061.464681793785,
        1085.5180835028248,
        56497.14966185028,
        2862.9280010028247,
        1110.1142519209038,
        136.67980336158192,
        761.7336375282486,
        -7681.547730621468,
        392.4813019067796,
        2439.842923276836,
        273.89840559322033,
        -56497.15639683615
      ]
    ],
    "imu": [
      [
        [
          -1.001953125,
          -0.03076171875,
          0.07177734375
        ],
        [
          0.06103515625,
          0.48828125,
          -0.06103515625
        ],
        [
          2.4,
          13.5,
          -53.699999999999996
        ]
      ],
      [
        [
          -0.9970703125,
          -0.02001953125,
          0.0283203125
        ],
        [
          -1.3427734375,
          1.28173828125,
          0.67138671875
        ],
        [
          12.75,
          20.55,
          -8.25
        ]
      ]
    ],
    "s": [
      4644,
      153
    ],
    "t": 1766725837.4675264
  },
  "dev2": null,
  "active": [
    1
  ]
}
[realtimeEngine] ================================================


[realtimeEngine] ========== 收到 ble_server 数据包 ==========
[realtimeEngine] 数据包类型: data
[realtimeEngine] 接收时间: 2025-12-26T05:10:37.476Z
[realtimeEngine] 完整数据包内容: {
  "type": "data",
  "ts": 1766725837.4765525,
  "dev1": {
    "f": 4797,
    "n": 9,
    "raw": [
      [
        272918,
        165503,
        102066,
        165823,
        306096,
        160844,
        8388607,
        425452,
        164680,
        20393,
        113186,
        -1131877,
        59506,
        362385,
        40421,
        -8388608
      ],
      [
        272625,
        164454,
        101949,
        165088,
        305373,
        160141,
        8388607,
        425313,
        164203,
        19806,
        112761,
        -1128411,
        59877,
        362000,
        40316,
        -8388608
      ],
      [
        272831,
        164520,
        102301,
        164427,
        305462,
        160841,
        8388607,
        425704,
        164094,
        20048,
        112794,
        -1127817,
        60920,
        361978,
        40349,
        -8388608
      ],
      [
        273626,
        164821,
        103108,
        164756,
        305804,
        162945,
        8388607,
        426794,
        164441,
        20156,
        112988,
        -1125554,
        62071,
        362259,
        40064,
        -8388608
      ],
      [
        273834,
        164540,
        103403,
        164717,
        305742,
        160803,
        8388607,
        427253,
        164694,
        20088,
        112767,
        -1123422,
        62883,
        362246,
        39803,
        -8388608
      ],
      [
        273926,
        164037,
        103639,
        164345,
        305463,
        159693,
        8388607,
        427554,
        164293,
        19773,
        112383,
        -1119757,
        63421,
        361986,
        39281,
        -8388608
      ],
      [
        274347,
        163902,
        104278,
        164089,
        305206,
        159566,
        8388607,
        427829,
        164023,
        19599,
        112183,
        -1118063,
        64266,
        361693,
        39533,
        -8388608
      ],
      [
        274583,
        164434,
        104754,
        164216,
        305383,
        161214,
        8388607,
        428090,
        164210,
        19737,
        112539,
        -1120690,
        64780,
        361813,
        39549,
        -8388608
      ],
      [
        275062,
        164445,
        105149,
        164743,
        305935,
        161583,
        8388607,
        428776,
        164925,
        20115,
        113301,
        -1124257,
        65063,
        362359,
        39757,
        -8388608
      ]
    ],
    "uv": [
      [
        1838.0988752259884,
        1114.6603673870054,
        687.4130683898304,
        1116.8155628672316,
        2061.552236610169,
        1083.2820681920903,
        56497.14966185028,
        2865.41321079096,
        1109.1174740112992,
        137.3465669632768,
        762.3061113276835,
        -7623.175608036722,
        400.77206951977394,
        2440.6578565677964,
        272.2348640819209,
        -56497.15639683615
      ],
      [
        1836.1255243644066,
        1107.5953672033897,
        686.6250750423728,
        1111.8653482485875,
        2056.682841822034,
        1078.5473731214688,
        56497.14966185028,
        2864.477047754237,
        1105.9048857485875,
        133.39313025423726,
        759.4437423305084,
        -7599.8321469915245,
        403.27074927966095,
        2438.0648870056493,
        271.5276905649717,
        -56497.15639683615
      ],
      [
        1837.5129314548021,
        1108.0398762711864,
        688.9957900706214,
        1107.4135225847456,
        2057.2822555649714,
        1083.2618632344631,
        56497.14966185028,
        2867.110427231638,
        1105.1707722881354,
        135.02299683615817,
        759.6659968644067,
        -7595.831565381355,
        410.2953395480225,
        2437.9167173163837,
        271.74994509887,
        -56497.15639683615
      ],
      [
        1842.8672452259884,
        1110.0671070197739,
        694.4309236723163,
        1109.629332937853,
        2059.585620734463,
        1097.432273516949,
        56497.14966185028,
        2874.451561836158,
        1107.5078123870055,
        135.75037531073446,
        760.9725841242937,
        -7580.590292344632,
        418.0473082909604,
        2439.8092483474575,
        269.83047412429374,
        -56497.15639683615
      ],
      [
        1844.2681222881354,
        1108.1745759887003,
        696.4177445056496,
        1109.3666684887005,
        2059.168051610169,
        1083.0059337711864,
        56497.14966185028,
        2877.542920353107,
        1109.2117638135592,
        135.29239627118642,
        759.4841522457626,
        -7566.231302457626,
        423.51611682203384,
        2439.721693531073,
        268.0726428107344,
        -56497.15639683615
      ],
      [
        1844.8877409887004,
        1104.7868780932201,
        698.0072011723163,
        1106.8612537429378,
        2057.2889905508473,
        1075.5300994491524,
        56497.14966185028,
        2879.5701511016946,
        1106.511034477401,
        133.17087572033896,
        756.8979176694914,
        -7541.547579223163,
        427.1395392231638,
        2437.9705972033894,
        264.5569801836158,
        -56497.15639683615
      ],
      [
        1847.7231700423727,
        1103.8776549999998,
        702.3108571468925,
        1105.1370973587568,
        2055.5580991807906,
        1074.6747562429377,
        56497.14966185028,
        2881.4222722175136,
        1104.6925882909604,
        131.99898817796608,
        755.5509204943502,
        -7530.138513149716,
        432.83060228813554,
        2435.9972463418076,
        266.25419662429374,
        -56497.15639683615
      ],
      [
        1849.3126267090393,
        1107.4606674858755,
        705.5167104237287,
        1105.9924405649717,
        2056.7501916807905,
        1085.7740129661015,
        56497.14966185028,
        2883.180103531073,
        1105.9520306497175,
        132.92841622881355,
        757.9485754661016,
        -7547.831321045197,
        436.29238502824853,
        2436.8054446468923,
        266.36195639830504,
        -56497.15639683615
      ],
      [
        1852.5386849435026,
        1107.5347523305084,
        708.1770298446327,
        1109.5417781214687,
        2060.4679038841805,
        1088.2592227542373,
        56497.14966185028,
        2887.8003038418074,
        1110.7675455508472,
        135.4742408898305,
        763.0806347033897,
        -7571.855015663841,
        438.19838603107337,
        2440.482746935028,
        267.76283346045193,
        -56497.15639683615
      ]
    ],
    "imu": [
      [
        [
          -1.00048828125,
          -0.029296875,
          0.06396484375
        ],
        [
          -0.06103515625,
          0.54931640625,
          -0.244140625
        ],
        [
          5.1,
          14.7,
          -53.55
        ]
      ],
      [
        [
          -0.99462890625,
          -0.017578125,
          0.0263671875
        ],
        [
          -1.15966796875,
          1.03759765625,
          0.67138671875
        ],
        [
          11.25,
          20.7,
          -8.85
        ]
      ]
    ],
    "s": [
      4653,
      153
    ],
    "t": 1766725837.4720476
  },
  "dev2": null,
  "active": [
    1
  ]
}
[realtimeEngine] ================================================


[realtimeEngine] ========== 收到 ble_server 数据包 ==========
[realtimeEngine] 数据包类型: data
[realtimeEngine] 接收时间: 2025-12-26T05:10:37.481Z
[realtimeEngine] 完整数据包内容: {
  "type": "data",
  "ts": 1766725837.482068,
  "dev1": {
    "f": 4806,
    "n": 9,
    "raw": [
      [
        275114,
        165008,
        105008,
        164990,
        306148,
        161208,
        8388607,
        428887,
        165071,
        20278,
        113398,
        -1130383,
        64610,
        362516,
        39900,
        -8388608
      ],
      [
        275373,
        165848,
        104851,
        165027,
        306429,
        162119,
        8388607,
        428941,
        165635,
        20523,
        113479,
        -1137306,
        64239,
        362802,
        40598,
        -8388608
      ],
      [
        274773,
        165290,
        104456,
        165064,
        306415,
        161945,
        8388607,
        428231,
        165839,
        20943,
        113803,
        -1141375,
        63489,
        363302,
        40678,
        -8388608
      ],
      [
        274296,
        164605,
        103697,
        165395,
        306044,
        161396,
        8388607,
        427356,
        165611,
        21159,
        113715,
        -1146497,
        62739,
        363083,
        40645,
        -8388608
      ],
      [
        274010,
        164946,
        102979,
        165478,
        305951,
        162028,
        8388607,
        426861,
        165656,
        20903,
        113626,
        -1155708,
        61814,
        361211,
        41005,
        -8388608
      ],
      [
        273525,
        165146,
        102978,
        165491,
        305937,
        162342,
        8388607,
        426554,
        165717,
        20813,
        113803,
        -1161474,
        61194,
        361592,
        41341,
        -8388608
      ],
      [
        273108,
        165434,
        102837,
        165563,
        305916,
        162024,
        8388607,
        426302,
        165980,
        20942,
        113528,
        -1163438,
        60689,
        363016,
        41239,
        -8388608
      ],
      [
        272984,
        165929,
        102734,
        165513,
        305026,
        161327,
        8388607,
        425872,
        165871,
        21028,
        113536,
        -1162708,
        60160,
        362969,
        41248,
        -8388608
      ],
      [
        272853,
        165560,
        102612,
        165500,
        304481,
        160864,
        8388607,
        425476,
        165929,
        21010,
        113594,
        -1160342,
        59575,
        363005,
        41398,
        -8388608
      ]
    ],
    "uv": [
      [
        1852.8889042090393,
        1111.326549378531,
        707.2273968361582,
        1111.2053196327681,
        2061.902455875706,
        1085.7336030508473,
        56497.14966185028,
        2888.547887274011,
        1111.7508534887004,
        136.57204358757062,
        763.7339283333332,
        -7613.113539138417,
        435.1474374293785,
        2441.5401397175137,
        268.7259364406779,
        -56497.15639683615
      ],
      [
        1854.6332655508472,
        1116.9839375141241,
        706.1700040536722,
        1111.4545141101694,
        2063.7949869067793,
        1091.8691751836157,
        56497.14966185028,
        2888.9115765112992,
        1115.5493855225986,
        138.22211512711863,
        764.2794621892655,
        -7659.739846355931,
        432.6487576694915,
        2443.466345677966,
        273.4269565819209,
        -56497.15639683615
      ],
      [
        1850.5922740254234,
        1113.2258153954801,
        703.5096846327683,
        1111.7037085875704,
        2063.7006971045193,
        1090.6972876412428,
        56497.14966185028,
        2884.1297365395476,
        1116.9233226412427,
        141.05080919491525,
        766.4615976129943,
        -7687.14450388418,
        427.5975182627118,
        2446.833838615819,
        273.9657554519774,
        -56497.15639683615
      ],
      [
        1847.3796857627117,
        1108.6123500706212,
        698.3978303531072,
        1113.9329889124292,
        2061.2020173446326,
        1086.99978039548,
        56497.14966185028,
        2878.236623898305,
        1115.3877458615818,
        142.50556614406779,
        765.8689188559321,
        -7721.641101539547,
        422.54627885593214,
        2445.358876709039,
        273.74350091807906,
        -56497.15639683615
      ],
      [
        1845.4534798022596,
        1110.9089802542371,
        693.5621104943502,
        1114.491992740113,
        2060.575663658192,
        1091.2562914689265,
        56497.14966185028,
        2874.9028058898302,
        1115.6908202259885,
        140.781409759887,
        765.2695051129942,
        -7783.677056440677,
        416.3164169209039,
        2432.7509831497173,
        276.1680958333333,
        -56497.15639683615
      ],
      [
        1842.1870116525422,
        1112.2559774293784,
        693.5553755084745,
        1114.5795475564971,
        2060.481373855932,
        1093.3710770338982,
        56497.14966185028,
        2872.8351652259885,
        1116.1016543644066,
        140.17526103107343,
        766.4615976129943,
        -7822.510984999999,
        412.14072567796603,
        2435.317012768361,
        278.4310510875706,
        -56497.15639683615
      ],
      [
        1839.3785225423726,
        1114.195653361582,
        692.6057424999999,
        1115.064466539548,
        2060.3399391525422,
        1091.2293515254237,
        56497.14966185028,
        2871.1379487853105,
        1117.8729556497174,
        141.04407420903954,
        764.609476497175,
        -7835.738497259886,
        408.7395578107344,
        2444.907632655367,
        277.74408252824855,
        -56497.15639683615
      ],
      [
        1838.543384293785,
        1117.5294713700564,
        691.9120389548021,
        1114.7277172457625,
        2054.3458017231637,
        1086.5350663700563,
        56497.14966185028,
        2868.2419048587567,
        1117.1388421892655,
        141.62328299435026,
        764.6633563841807,
        -7830.821957570621,
        405.17675028248584,
        2444.5910883192087,
        277.8046974011299,
        -56497.15639683615
      ],
      [
        1837.6611011440675,
        1115.0442615819209,
        691.090370677966,
        1114.6401624293785,
        2050.6752344209035,
        1083.4167679096045,
        56497.14966185028,
        2865.574850451977,
        1117.5294713700564,
        141.50205324858754,
        765.0539855649716,
        -7814.8869809887,
        401.2367835451977,
        2444.833547810734,
        278.81494528248584,
        -56497.15639683615
      ]
    ],
    "imu": [
      [
        [
          -0.9990234375,
          -0.0263671875,
          0.06982421875
        ],
        [
          -0.18310546875,
          0.3662109375,
          -0.30517578125
        ],
        [
          3.5999999999999996,
          12.75,
          -54.449999999999996
        ]
      ],
      [
        [
          -0.998046875,
          -0.01904296875,
          0.0244140625
        ],
        [
          -1.40380859375,
          1.40380859375,
          0.6103515625
        ],
        [
          11.85,
          21,
          -8.1
        ]
      ]
    ],
    "s": [
      4662,
      153
    ],
    "t": 1766725837.4775593
  },
  "dev2": null,
  "active": [
    1
  ]
}
[realtimeEngine] ================================================


[realtimeEngine] ========== 收到 ble_server 数据包 ==========
[realtimeEngine] 数据包类型: data
[realtimeEngine] 接收时间: 2025-12-26T05:10:37.498Z
[realtimeEngine] 完整数据包内容: {
  "type": "data",
  "ts": 1766725837.4986403,
  "dev1": {
    "f": 4815,
    "n": 9,
    "raw": [
      [
        272436,
        165349,
        102188,
        165464,
        304407,
        160581,
        8388607,
        425028,
        165831,
        20712,
        113316,
        -1155447,
        59312,
        362609,
        41615,
        -8388608
      ],
      [
        272523,
        165961,
        102068,
        165471,
        304458,
        160543,
        8388607,
        424999,
        165438,
        20661,
        113241,
        -1148779,
        59340,
        362459,
        41248,
        -8388608
      ],
      [
        272969,
        166108,
        102589,
        165872,
        304933,
        161434,
        8388607,
        425452,
        165531,
        21035,
        113472,
        -1140922,
        59954,
        362898,
        40838,
        -8388608
      ],
      [
        273688,
        165186,
        103265,
        166229,
        305678,
        162125,
        8388607,
        426319,
        165708,
        21309,
        113318,
        -1136928,
        60926,
        363139,
        40993,
        -8388608
      ],
      [
        274308,
        165402,
        103692,
        166293,
        306721,
        162101,
        8388607,
        426829,
        165447,
        21237,
        113101,
        -1132064,
        61965,
        362724,
        40891,
        -8388608
      ],
      [
        274758,
        165579,
        104389,
        166177,
        307044,
        162953,
        8388607,
        427694,
        165366,
        21081,
        113051,
        -1125782,
        62994,
        362665,
        41244,
        -8388608
      ],
      [
        275296,
        165427,
        104818,
        165614,
        306575,
        161364,
        8388607,
        428363,
        165256,
        20726,
        113408,
        -1125474,
        63686,
        362668,
        41585,
        -8388608
      ],
      [
        275978,
        165593,
        105422,
        165823,
        306221,
        162013,
        8388607,
        428752,
        165042,
        20484,
        113453,
        -1122979,
        64105,
        362332,
        41141,
        -8388608
      ],
      [
        276609,
        165765,
        105952,
        165893,
        306514,
        161053,
        8388607,
        429198,
        165166,
        20747,
        113617,
        -1118251,
        64801,
        362632,
        41294,
        -8388608
      ]
    ],
    "uv": [
      [
        1834.8526120338981,
        1113.6231795621468,
        688.2347366666665,
        1114.397702937853,
        2050.1768454661014,
        1081.5107669067795,
        56497.14966185028,
        2862.557576779661,
        1116.869442754237,
        139.4950274576271,
        763.1816594915254,
        -7781.919225127118,
        399.465482259887,
        2442.1664934039545,
        280.2764372175141,
        -56497.15639683615
      ],
      [
        1835.4385558050844,
        1117.7449909180789,
        687.4265383615818,
        1114.444847838983,
        2050.5203297457624,
        1081.2548374435028,
        56497.14966185028,
        2862.362262189265,
        1114.2225933050845,
        139.1515431779661,
        762.6765355508473,
        -7737.010339307909,
        399.65406186440674,
        2441.1562455225985,
        277.8046974011299,
        -56497.15639683615
      ],
      [
        1838.4423595056494,
        1118.7350338418078,
        690.9354660028248,
        1117.1455771751412,
        2053.719448036723,
        1087.255709858757,
        56497.14966185028,
        2865.41321079096,
        1114.8489469915253,
        141.6704278954802,
        764.2323172881355,
        -7684.093555282485,
        403.78934319209037,
        2444.1129043220335,
        275.04335319209036,
        -56497.15639683615
      ],
      [
        1843.2848143502822,
        1112.5253768644066,
        695.4883164548022,
        1119.5499671327682,
        2058.737012514124,
        1091.90958509887,
        56497.14966185028,
        2871.2524435451974,
        1116.0410394915252,
        143.5158140254237,
        763.1951294632768,
        -7657.194021694914,
        410.3357494632768,
        2445.736035918079,
        276.0872760028248,
        -56497.15639683615
      ],
      [
        1847.4605055932202,
        1113.9801338135592,
        698.3641554237287,
        1119.9810062288134,
        2065.7616027824856,
        1091.7479454378529,
        56497.14966185028,
        2874.6872863418075,
        1114.283208177966,
        143.03089504237286,
        761.7336375282486,
        -7624.435050395479,
        417.3333997881355,
        2442.941016779661,
        275.4003074435028,
        -56497.15639683615
      ],
      [
        1850.491249237288,
        1115.1722263135591,
        703.058440579096,
        1119.1997478672315,
        2067.9370032203387,
        1097.4861534039546,
        56497.14966185028,
        2880.5130491242935,
        1113.7376743220339,
        141.9802372457627,
        761.3968882344632,
        -7582.125869124293,
        424.2637002542372,
        2442.5436526129943,
        277.7777574576271,
        -56497.15639683615
      ],
      [
        1854.1146716384178,
        1114.148508460452,
        705.9477495197739,
        1115.407950819209,
        2064.7782948446325,
        1086.7842608474575,
        56497.14966185028,
        2885.018754675141,
        1112.996825875706,
        139.589317259887,
        763.8012781920903,
        -7580.051493474575,
        428.9243104802259,
        2442.563857570621,
        280.0743876412429,
        -56497.15639683615
      ],
      [
        1858.7079320056496,
        1115.266516115819,
        710.0156809887005,
        1116.8155628672316,
        2062.3941098446326,
        1091.1552666807909,
        56497.14966185028,
        2887.638664180791,
        1111.555538898305,
        137.9594506779661,
        764.1043525564971,
        -7563.247703714688,
        431.74626956214684,
        2440.300902316384,
        277.08405391242934,
        -56497.15639683615
      ],
      [
        1862.9577080932202,
        1116.4249336864405,
        713.5852235028248,
        1117.2870118785308,
        2064.3674607062144,
        1084.689680240113,
        56497.14966185028,
        2890.6424678813555,
        1112.3906771468926,
        139.73075196327682,
        765.2088902401129,
        -7531.40469049435,
        436.4338197316384,
        2442.3213980790956,
        278.1145067514124,
        -56497.15639683615
      ]
    ],
    "imu": [
      [
        [
          -0.9990234375,
          -0.0263671875,
          0.06982421875
        ],
        [
          -0.18310546875,
          0.3662109375,
          -0.30517578125
        ],
        [
          3.5999999999999996,
          12.75,
          -54.449999999999996
        ]
      ],
      [
        [
          -0.998046875,
          -0.01904296875,
          0.0244140625
        ],
        [
          -1.40380859375,
          1.40380859375,
          0.6103515625
        ],
        [
          11.85,
          21,
          -8.1
        ]
      ]
    ],
    "s": [
      4671,
      153
    ],
    "t": 1766725837.493094
  },
  "dev2": null,
  "active": [
    1
  ]
}
[realtimeEngine] ================================================


[realtimeEngine] ========== 收到 ble_server 数据包 ==========
[realtimeEngine] 数据包类型: data
[realtimeEngine] 接收时间: 2025-12-26T05:10:37.504Z
[realtimeEngine] 完整数据包内容: {
  "type": "data",
  "ts": 1766725837.5041513,
  "dev1": [
    {
      "f": 4824,
      "n": 9,
      "raw": [
        [
          276154,
          165097,
          105935,
          165727,
          306396,
          160733,
          8388607,
          429269,
          165119,
          20490,
          113442,
          -1118009,
          64945,
          362425,
          41111,
          -8388608
        ],
        [
          276187,
          165129,
          105893,
          165641,
          306725,
          161208,
          8388607,
          429080,
          164954,
          20542,
          113579,
          -1124352,
          65154,
          362463,
          41128,
          -8388608
        ],
        [
          276071,
          165583,
          105359,
          165239,
          306788,
          160723,
          8388607,
          428814,
          164844,
          20530,
          113420,
          -1131331,
          64908,
          362314,
          41109,
          -8388608
        ],
        [
          275979,
          165257,
          104946,
          165217,
          306806,
          160379,
          8388607,
          428575,
          164811,
          20734,
          113646,
          -1140967,
          64245,
          362609,
          41171,
          -8388608
        ],
        [
          275433,
          166091,
          104976,
          165265,
          306990,
          159839,
          8388607,
          428076,
          164947,
          20986,
          113328,
          -1147842,
          63594,
          362781,
          41409,
          -8388608
        ],
        [
          274777,
          166261,
          104414,
          165442,
          307317,
          161271,
          8388607,
          427513,
          165148,
          20974,
          113399,
          -1151117,
          62693,
          362673,
          41566,
          -8388608
        ],
        [
          274383,
          166098,
          103560,
          165307,
          307193,
          162084,
          8388607,
          426640,
          165142,
          20696,
          113429,
          -1156727,
          61581,
          362524,
          41206,
          -8388608
        ],
        [
          274048,
          165688,
          102726,
          165279,
          306560,
          161011,
          8388607,
          425984,
          165071,
          20782,
          113226,
          -1163567,
          60483,
          362375,
          41248,
          -8388608
        ],
        [
          273409,
          166143,
          102254,
          165258,
          306668,
          160146,
          8388607,
          425319,
          164991,
          20952,
          113101,
          -1168729,
          59539,
          362241,
          41094,
          -8388608
        ]
      ],
      "uv": [
        [
          1859.8932895197738,
          1111.9259631214688,
          713.4707287429378,
          1116.1690042231637,
          2063.572732372881,
          1082.534484759887,
          56497.14966185028,
          2891.1206518785307,
          1112.0741328107342,
          137.99986059322032,
          764.0302677118643,
          -7529.7748239124285,
          437.4036576977401,
          2440.9272560028244,
          276.88200433615816,
          -56497.15639683615
        ],
        [
          1860.115544053672,
          1112.1414826694913,
          713.1878593361581,
          1115.589795437853,
          2065.7885427259885,
          1085.7336030508473,
          56497.14966185028,
          2889.847739548022,
          1110.9628601412428,
          138.35007985875706,
          764.9529607768361,
          -7572.494839322033,
          438.8112697457627,
          2441.1831854661013,
          276.99649909604517,
          -56497.15639683615
        ],
        [
          1859.3342856920901,
          1115.199166257062,
          709.591376878531,
          1112.8823311158192,
          2066.212846836158,
          1082.4671349011298,
          56497.14966185028,
          2888.0562333050843,
          1110.2220116949152,
          138.26926002824857,
          763.8820980225988,
          -7619.498305748587,
          437.1544632203389,
          2440.1796725706213,
          276.86853436440674,
          -56497.15639683615
        ],
        [
          1858.7146669915253,
          1113.0035608615817,
          706.8098277118643,
          1112.7341614265536,
          2066.3340765819207,
          1080.1502997598868,
          56497.14966185028,
          2886.446571680791,
          1109.9997571610168,
          139.64319714689265,
          765.4042048305084,
          -7684.396629646892,
          432.6891675847457,
          2442.1664934039545,
          277.2861034887005,
          -56497.15639683615
        ],
        [
          1855.0373647033896,
          1118.6205390819207,
          707.0118772881356,
          1113.0574407485874,
          2067.5733139830504,
          1076.5134073870056,
          56497.14966185028,
          2883.0858137288133,
          1110.9157152401128,
          141.3404135875706,
          763.2624793220338,
          -7730.699657542372,
          428.30469177966097,
          2443.324910974576,
          278.8890301271186,
          -56497.15639683615
        ],
        [
          1850.6192139689263,
          1119.765486680791,
          703.2268152259886,
          1114.2495332485873,
          2069.7756543644064,
          1086.1579071610167,
          56497.14966185028,
          2879.2940166807907,
          1112.2694474011298,
          141.25959375706213,
          763.7406633192089,
          -7752.75673628531,
          422.23646950564967,
          2442.5975324999995,
          279.9464229096045,
          -56497.15639683615
        ],
        [
          1847.965629533898,
          1118.6676839830507,
          697.4751372881356,
          1113.3403101553672,
          2068.940516115819,
          1091.633450677966,
          56497.14966185028,
          2873.414374011299,
          1112.2290374858756,
          139.3872676836158,
          763.9427128954801,
          -7790.540007048022,
          414.74716521186434,
          2441.5940196045194,
          277.52182799435025,
          -56497.15639683615
        ],
        [
          1845.7094092655366,
          1115.9063397740113,
          691.8581590677966,
          1113.1517305508473,
          2064.677270056497,
          1084.406810833333,
          56497.14966185028,
          2868.9962232768357,
          1111.7508534887004,
          139.96647646892654,
          762.5755107627118,
          -7836.607310437852,
          407.35215072033895,
          2440.5905067090393,
          277.8046974011299,
          -56497.15639683615
        ],
        [
          1841.4057532909603,
          1118.9707583474576,
          688.6792457344632,
          1113.0102958474574,
          2065.4046485310732,
          1078.5810480508474,
          56497.14966185028,
          2864.5174576694913,
          1111.2120546186438,
          141.1114240677966,
          761.7336375282486,
          -7871.373307528248,
          400.99432405367224,
          2439.6880186016947,
          276.76750957627115,
          -56497.15639683615
        ]
      ],
      "imu": [
        [
          [
            -1,
            -0.02587890625,
            0.06494140625
          ],
          [
            -0.06103515625,
            0.67138671875,
            0
          ],
          [
            3.5999999999999996,
            12.75,
            -54.449999999999996
          ]
        ],
        [
          [
            -0.9951171875,
            -0.02001953125,
            0.02294921875
          ],
          [
            -1.3427734375,
            1.40380859375,
            0.3662109375
          ],
          [
            12.45,
            20.099999999999998,
            -8.25
          ]
        ]
      ],
      "s": [
        4680,
        153
      ],
      "t": 1766725837.4986403
    },
    {
      "f": 4833,
      "n": 9,
      "raw": [
        [
          272780,
          165557,
          101784,
          164924,
          306719,
          160726,
          8388607,
          424508,
          164707,
          20603,
          113414,
          -1170811,
          58829,
          361976,
          40685,
          -8388608
        ],
        [
          272752,
          165123,
          101598,
          165211,
          306829,
          160881,
          8388607,
          424370,
          164743,
          20558,
          113488,
          -1165240,
          58969,
          362280,
          40923,
          -8388608
        ],
        [
          272781,
          164730,
          101665,
          165043,
          306435,
          161560,
          8388607,
          424306,
          164671,
          20690,
          112939,
          -1159867,
          59046,
          362290,
          41016,
          -8388608
        ],
        [
          272678,
          164418,
          102022,
          165152,
          306488,
          162411,
          8388607,
          424411,
          165112,
          20816,
          113098,
          -1156684,
          59562,
          362334,
          40840,
          -8388608
        ],
        [
          273209,
          165150,
          102524,
          165464,
          306884,
          162558,
          8388607,
          424798,
          165422,
          21014,
          113211,
          -1151195,
          60406,
          362708,
          41110,
          -8388608
        ],
        [
          273702,
          164611,
          103083,
          165301,
          306705,
          161639,
          8388607,
          425258,
          165348,
          20649,
          112888,
          -1147650,
          61229,
          362899,
          41036,
          -8388608
        ],
        [
          274621,
          164819,
          103943,
          165426,
          306874,
          162108,
          8388607,
          425851,
          165511,
          20656,
          113272,
          -1142381,
          62186,
          362859,
          41246,
          -8388608
        ],
        [
          275038,
          165853,
          104338,
          165437,
          306831,
          165299,
          8388607,
          426514,
          165363,
          20735,
          113677,
          -1135643,
          63343,
          362817,
          41173,
          -8388608
        ],
        [
          275454,
          165729,
          104988,
          165428,
          306684,
          167277,
          8388607,
          427198,
          165375,
          20711,
          113379,
          -1134597,
          64145,
          362830,
          41223,
          -8388608
        ]
      ],
      "uv": [
        [
          1837.169447175141,
          1115.0240566242937,
          685.5138023728813,
          1110.7608105649715,
          2065.748132810734,
          1082.487339858757,
          56497.14966185028,
          2859.0553841242936,
          1109.2993186299434,
          138.76091399717512,
          763.8416881073446,
          -7885.395548121468,
          396.2124840819209,
          2437.9032473446323,
          274.0129003531073,
          -56497.15639683615
        ],
        [
          1836.9808675706213,
          1112.101072754237,
          684.261095,
          1112.6937515112993,
          2066.488981257062,
          1083.5312626694913,
          56497.14966185028,
          2858.125956073446,
          1109.5417781214687,
          138.45783963276835,
          764.3400770621467,
          -7847.874941807909,
          397.15538210451973,
          2439.950683050847,
          275.6158269915254,
          -56497.15639683615
        ],
        [
          1837.1761821610166,
          1109.4542233050847,
          684.7123390536723,
          1111.5622738841807,
          2063.8353968220335,
          1088.104318079096,
          56497.14966185028,
          2857.6949169774007,
          1109.0568591384178,
          139.34685776836156,
          760.6425698163841,
          -7811.68786269774,
          397.6739760169491,
          2440.0180329096042,
          276.2421806779661,
          -56497.15639683615
        ],
        [
          1836.482478615819,
          1107.3529077118642,
          687.1167290112993,
          1112.2963873446326,
          2064.192351073446,
          1093.835791059322,
          56497.14966185028,
          2858.40209049435,
          1112.0269879096045,
          140.19546598870056,
          761.7134325706214,
          -7790.250402655366,
          401.1492287288135,
          2440.3143722881355,
          275.0568231638418,
          -56497.15639683615
        ],
        [
          1840.058756115819,
          1112.2829173728812,
          690.4976919209039,
          1114.397702937853,
          2066.8594054802256,
          1094.8258339830506,
          56497.14966185028,
          2861.008530028248,
          1114.1148335310734,
          141.52899319209038,
          762.4744859745762,
          -7753.282065183615,
          406.83355680790953,
          2442.8332570056496,
          276.87526935028245,
          -56497.15639683615
        ],
        [
          1843.3791041525421,
          1108.6527599858755,
          694.2625490254236,
          1113.299900240113,
          2065.6538430084743,
          1088.6363819632768,
          56497.14966185028,
          2864.106623531073,
          1113.616444576271,
          139.0707233474576,
          760.299085536723,
          -7729.4065402542365,
          412.37645018361576,
          2444.1196393079094,
          276.3768803954802,
          -56497.15639683615
        ],
        [
          1849.5685561723162,
          1110.0536370480224,
          700.054636878531,
          1114.1417734745762,
          2066.7920556214685,
          1091.7950903389828,
          56497.14966185028,
          2868.100470155367,
          1114.714247274011,
          139.11786824858754,
          762.8853201129942,
          -7693.91989967514,
          418.82183166666664,
          2443.850239872881,
          277.7912274293785,
          -56497.15639683615
        ],
        [
          1852.3770452824856,
          1117.0176124435027,
          702.7149562994349,
          1114.215858319209,
          2066.5024512288132,
          1113.2864302683615,
          56497.14966185028,
          2872.56576579096,
          1113.7174693644067,
          139.64993213276836,
          765.6129893926553,
          -7648.539564844632,
          426.61421032485873,
          2443.5673704661012,
          277.29957346045194,
          -56497.15639683615
        ],
        [
          1855.1787994067795,
          1116.1824741949151,
          707.092697118644,
          1114.1552434463276,
          2065.5124083050846,
          1126.6082323305084,
          56497.14966185028,
          2877.1724961299433,
          1113.798289194915,
          139.4882924717514,
          763.6059636016948,
          -7641.494769618643,
          432.0156689971751,
          2443.6549252824857,
          277.63632275423726,
          -56497.15639683615
        ]
      ],
      "imu": [
        [
          [
            -1,
            -0.0283203125,
            0.06640625
          ],
          [
            0.06103515625,
            0.42724609375,
            -0.30517578125
          ],
          [
            3.15,
            14.549999999999999,
            -53.699999999999996
          ]
        ],
        [
          [
            -0.99853515625,
            -0.021484375,
            0.02880859375
          ],
          [
            -1.40380859375,
            1.15966796875,
            0.42724609375
          ],
          [
            12.45,
            20.849999999999998,
            -7.199999999999999
          ]
        ]
      ],
      "s": [
        4689,
        153
      ],
      "t": 1766725837.5026433
    }
  ],
  "dev2": null,
  "active": [
    1
  ]
}
[realtimeEngine] ================================================


[realtimeEngine] ========== 收到 ble_server 数据包 ==========
[realtimeEngine] 数据包类型: data
[realtimeEngine] 接收时间: 2025-12-26T05:10:37.509Z
[realtimeEngine] 完整数据包内容: {
  "type": "data",
  "ts": 1766725837.5096576,
  "dev1": {
    "f": 4842,
    "n": 9,
    "raw": [
      [
        276026,
        164823,
        105767,
        165315,
        306936,
        168784,
        8388607,
        427471,
        165496,
        20784,
        113344,
        -1128552,
        65021,
        362787,
        41659,
        -8388608
      ],
      [
        276529,
        165323,
        106125,
        165342,
        306984,
        165107,
        8388607,
        427844,
        165619,
        20761,
        113456,
        -1126042,
        65508,
        362809,
        41358,
        -8388608
      ],
      [
        276632,
        165208,
        105844,
        165110,
        306967,
        161981,
        8388607,
        428274,
        165674,
        20550,
        113681,
        -1129826,
        65646,
        362644,
        40851,
        -8388608
      ],
      [
        276386,
        165133,
        105743,
        165049,
        306812,
        159259,
        8388607,
        428101,
        165364,
        20463,
        113348,
        -1135581,
        65376,
        362369,
        40838,
        -8388608
      ],
      [
        276348,
        164539,
        105773,
        165149,
        306947,
        157896,
        8388607,
        428261,
        165381,
        20611,
        113171,
        -1140407,
        65204,
        362337,
        40983,
        -8388608
      ],
      [
        276010,
        165089,
        105539,
        165209,
        306736,
        159574,
        8388607,
        428112,
        165323,
        20611,
        113317,
        -1147719,
        64528,
        362490,
        40874,
        -8388608
      ],
      [
        275491,
        165511,
        105013,
        165254,
        306606,
        159961,
        8388607,
        427557,
        165454,
        20642,
        113653,
        -1154705,
        63461,
        362650,
        40564,
        -8388608
      ],
      [
        274864,
        165118,
        104381,
        165206,
        306508,
        160298,
        8388607,
        426954,
        165443,
        20649,
        113523,
        -1159725,
        62664,
        362778,
        40477,
        -8388608
      ],
      [
        274059,
        164708,
        103418,
        165311,
        306464,
        160049,
        8388607,
        425847,
        165298,
        20558,
        113241,
        -1167234,
        61703,
        362753,
        40324,
        -8388608
      ]
    ],
    "uv": [
      [
        1859.0312113276834,
        1110.0805769915253,
        712.3392511158191,
        1113.3941900423727,
        2067.2096247457625,
        1136.7578560451975,
        56497.14966185028,
        2879.011147274011,
        1114.6132224858757,
        139.97994644067796,
        763.3702390960451,
        -7600.781779999999,
        437.91551662429373,
        2443.3653208898304,
        280.5727765960452,
        -56497.15639683615
      ],
      [
        1862.4189092231636,
        1113.4480699293783,
        714.750376059322,
        1113.5760346610168,
        2067.532904067796,
        1111.993312980226,
        56497.14966185028,
        2881.5232970056495,
        1115.4416257485875,
        139.8250417655367,
        764.1245575141241,
        -7583.8769654519765,
        441.1954547457627,
        2443.5134905790956,
        278.5455458474576,
        -56497.15639683615
      ],
      [
        1863.1126127683613,
        1112.6735465536722,
        712.8578450282484,
        1112.013517937853,
        2067.4184093079093,
        1090.9397471327682,
        56497.14966185028,
        2884.419340932203,
        1115.8120499717513,
        138.4039597457627,
        765.639929336158,
        -7609.362152005649,
        442.1248827966101,
        2442.402217909604,
        275.13090800847453,
        -56497.15639683615
      ],
      [
        1861.4558062429376,
        1112.1684226129942,
        712.1776114548022,
        1111.602683799435,
        2066.374486497175,
        1072.607115579096,
        56497.14966185028,
        2883.254188375706,
        1113.7242043502824,
        137.81801597457624,
        763.397179039548,
        -7648.121995720338,
        440.30643661016944,
        2440.550096793785,
        275.04335319209036,
        -56497.15639683615
      ],
      [
        1861.1998767796608,
        1108.1678410028246,
        712.3796610310734,
        1112.2761823870055,
        2067.283709590395,
        1063.4273298305084,
        56497.14966185028,
        2884.331786115819,
        1113.8386991101693,
        138.81479388418077,
        762.2050865395479,
        -7680.625037556496,
        439.148019039548,
        2440.3345772457624,
        276.01992614406777,
        -56497.15639683615
      ],
      [
        1858.923451553672,
        1111.8720832344632,
        710.8036743361581,
        1112.6802815395479,
        2065.862627570621,
        1074.7286361299434,
        56497.14966185028,
        2883.328273220339,
        1113.4480699293783,
        138.81479388418077,
        763.1883944774011,
        -7729.87125427966,
        434.5951685875706,
        2441.3650300847453,
        275.2858126836158,
        -56497.15639683615
      ],
      [
        1855.4279938841805,
        1114.714247274011,
        707.2610717655366,
        1112.9833559039546,
        2064.9870794067792,
        1077.3350756638417,
        56497.14966185028,
        2879.5903560593215,
        1114.3303530790959,
        139.02357844632766,
        765.4513497316383,
        -7776.9218656073435,
        427.408938658192,
        2442.4426278248584,
        273.19796706214686,
        -56497.15639683615
      ],
      [
        1851.2051577401128,
        1112.0673978248585,
        703.0045606920903,
        1112.6600765819207,
        2064.32705079096,
        1079.6047659039548,
        56497.14966185028,
        2875.529159576271,
        1114.256268234463,
        139.0707233474576,
        764.5758015677965,
        -7810.731494703389,
        422.0411549152542,
        2443.304706016949,
        272.6120232909604,
        -56497.15639683615
      ],
      [
        1845.7834941101694,
        1109.306053615819,
        696.5187692937852,
        1113.3672500988698,
        2064.0307114124294,
        1077.9277544209037,
        56497.14966185028,
        2868.073530211864,
        1113.2796952824858,
        138.45783963276835,
        762.6765355508473,
        -7861.304503644067,
        415.56883348870053,
        2443.1363313700563,
        271.58157045197737,
        -56497.15639683615
      ]
    ],
    "imu": [
      [
        [
          -1.00634765625,
          -0.0234375,
          0.06298828125
        ],
        [
          -0.06103515625,
          0.6103515625,
          -0.06103515625
        ],
        [
          2.85,
          14.549999999999999,
          -54.449999999999996
        ]
      ],
      [
        [
          -0.99560546875,
          -0.02001953125,
          0.0244140625
        ],
        [
          -1.46484375,
          0.9765625,
          0.48828125
        ],
        [
          11.85,
          20.7,
          -8.85
        ]
      ]
    ],
    "s": [
      4698,
      153
    ],
    "t": 1766725837.5071552
  },
  "dev2": null,
  "active": [
    1
  ]
}
[realtimeEngine] ================================================


[realtimeEngine] ========== 收到 ble_server 数据包 ==========
[realtimeEngine] 数据包类型: data
[realtimeEngine] 接收时间: 2025-12-26T05:10:37.520Z
[realtimeEngine] 完整数据包内容: {
  "type": "data",
  "ts": 1766725837.520673,
  "dev1": {
    "f": 4851,
    "n": 9,
    "raw": [
      [
        273623,
        164216,
        103028,
        165189,
        306755,
        160205,
        8388607,
        425798,
        165563,
        20386,
        113358,
        -1171719,
        60930,
        362923,
        40324,
        -8388608
      ],
      [
        273248,
        165246,
        102634,
        164974,
        306983,
        159797,
        8388607,
        425491,
        165536,
        20348,
        113374,
        -1178999,
        59891,
        362968,
        40171,
        -8388608
      ],
      [
        272722,
        166051,
        102411,
        165181,
        306871,
        161151,
        8388607,
        425114,
        165497,
        20424,
        113302,
        -1182542,
        59364,
        363072,
        40163,
        -8388608
      ],
      [
        272439,
        166306,
        102426,
        165631,
        306837,
        162468,
        8388607,
        425011,
        165361,
        20593,
        113613,
        -1179692,
        59604,
        363203,
        40505,
        -8388608
      ],
      [
        272332,
        165981,
        102659,
        165836,
        307120,
        162420,
        8388607,
        425140,
        165179,
        20767,
        113767,
        -1174425,
        59803,
        363107,
        40524,
        -8388608
      ],
      [
        272231,
        164863,
        102466,
        165444,
        306701,
        160359,
        8388607,
        425098,
        165069,
        20411,
        113606,
        -1168498,
        59574,
        362549,
        40203,
        -8388608
      ],
      [
        272533,
        165438,
        102708,
        165306,
        306565,
        160666,
        8388607,
        425429,
        165096,
        20407,
        113289,
        -1160731,
        59871,
        362308,
        40061,
        -8388608
      ],
      [
        273381,
        165410,
        103357,
        165485,
        306534,
        162040,
        8388607,
        426061,
        165391,
        20364,
        113173,
        -1150594,
        61011,
        362569,
        40506,
        -8388608
      ],
      [
        274032,
        165574,
        103834,
        165790,
        306164,
        164316,
        8388607,
        426608,
        165349,
        20571,
        113005,
        -1145228,
        61839,
        362594,
        40521,
        -8388608
      ]
    ],
    "uv": [
      [
        1842.8470402683613,
        1105.9924405649717,
        693.8921248022598,
        1112.5455818220337,
        2065.9905923022598,
        1078.978412217514,
        56497.14966185028,
        2867.7435159039546,
        1115.064466539548,
        137.29942206214687,
        763.464528898305,
        -7891.510915296609,
        410.3626894067796,
        2444.2812789689265,
        271.58157045197737,
        -56497.15639683615
      ],
      [
        1840.3214205649715,
        1112.929476016949,
        691.2385403672315,
        1111.097559858757,
        2067.5261690819207,
        1076.2305379802258,
        56497.14966185028,
        2865.675875240113,
        1114.8826219209038,
        137.04349259887005,
        763.5722886723163,
        -7940.54161247175,
        403.3650390819209,
        2444.584353333333,
        270.55111761299435,
        -56497.15639683615
      ],
      [
        1836.77881799435,
        1118.3511396468925,
        689.736638516949,
        1112.491701935028,
        2066.7718506638416,
        1085.349708855932,
        56497.14966185028,
        2863.1367855649714,
        1114.6199574717514,
        137.5553515254237,
        763.0873696892654,
        -7964.4036674293775,
        399.81570152542366,
        2445.2847918644065,
        270.49723772598867,
        -56497.15639683615
      ],
      [
        1834.8728169915253,
        1120.0685610451976,
        689.8376633050847,
        1115.5224455790958,
        2066.5428611440675,
        1094.2196852542372,
        56497.14966185028,
        2862.4430820197736,
        1113.7039993926553,
        138.69356413841805,
        765.1819502966101,
        -7945.208957683615,
        401.43209813559315,
        2446.167075014124,
        272.8006028954802,
        -56497.15639683615
      ],
      [
        1834.1521735028246,
        1117.879690635593,
        691.4069150141243,
        1116.9031176836156,
        2068.448862146892,
        1093.8964059322032,
        56497.14966185028,
        2863.31189519774,
        1112.4782319632768,
        139.86545168079095,
        766.2191381214689,
        -7909.73578707627,
        402.7723603248587,
        2445.520516370056,
        272.92856762711864,
        -56497.15639683615
      ],
      [
        1833.4719399293783,
        1110.3499764265534,
        690.107062740113,
        1114.2630032203388,
        2065.6269030649714,
        1080.0156000423729,
        56497.14966185028,
        2863.02902579096,
        1111.737383516949,
        137.46779670903953,
        765.1348053954802,
        -7869.81752579096,
        401.230048559322,
        2441.762394251412,
        270.76663716101694,
        -56497.15639683615
      ],
      [
        1835.5059056638415,
        1114.2225933050845,
        691.7369293220338,
        1113.3335751694915,
        2064.7109449858754,
        1082.0832407062146,
        56497.14966185028,
        2865.258306115819,
        1111.9192281355931,
        137.4408567655367,
        762.9998148728813,
        -7817.506890494349,
        403.23033936440675,
        2440.139262655367,
        269.8102691666666,
        -56497.15639683615
      ],
      [
        1841.2171736864404,
        1114.0340137005649,
        696.1079351553672,
        1114.5391376412429,
        2064.5021604237286,
        1091.3371112994348,
        56497.14966185028,
        2869.514817189265,
        1113.9060489689264,
        137.15125237288134,
        762.2185565112993,
        -7749.234338672315,
        410.90822326271183,
        2441.897093968926,
        272.8073378813559,
        -56497.15639683615
      ],
      [
        1845.6016494915252,
        1115.1385513841806,
        699.320523418079,
        1116.5933083333332,
        2062.0102156497173,
        1106.6659391525423,
        56497.14966185028,
        2873.1988544632763,
        1113.6231795621468,
        138.54539444915252,
        761.0870788841808,
        -7713.094404463276,
        416.48479156779655,
        2442.065468615819,
        272.9083626694915,
        -56497.15639683615
      ]
    ],
    "imu": [
      [
        [
          -0.99755859375,
          -0.0283203125,
          0.068359375
        ],
        [
          -0.42724609375,
          0.48828125,
          0.06103515625
        ],
        [
          2.85,
          14.549999999999999,
          -54.449999999999996
        ]
      ],
      [
        [
          -0.9931640625,
          -0.02001953125,
          0.02880859375
        ],
        [
          -1.28173828125,
          0.9765625,
          0.3662109375
        ],
        [
          13.35,
          22.2,
          -7.35
        ]
      ]
    ],
    "s": [
      4707,
      153
    ],
    "t": 1766725837.5151641
  },
  "dev2": null,
  "active": [
    1
  ]
}
[realtimeEngine] ================================================


[realtimeEngine] ========== 收到 ble_server 数据包 ==========
[realtimeEngine] 数据包类型: data
[realtimeEngine] 接收时间: 2025-12-26T05:10:37.531Z
[realtimeEngine] 完整数据包内容: {
  "type": "data",
  "ts": 1766725837.5312674,
  "dev1": {
    "f": 4860,
    "n": 9,
    "raw": [
      [
        274538,
        164711,
        104061,
        165348,
        306117,
        163794,
        8388607,
        426891,
        164955,
        20258,
        112731,
        -1138132,
        62501,
        362260,
        40021,
        -8388608
      ],
      [
        274905,
        165036,
        104496,
        165161,
        306581,
        161533,
        8388607,
        427589,
        165017,
        20019,
        112849,
        -1134561,
        63229,
        362094,
        39988,
        -8388608
      ],
      [
        275188,
        165254,
        104907,
        165263,
        306431,
        164009,
        8388607,
        427993,
        165177,
        20072,
        112979,
        -1129641,
        63853,
        362137,
        40229,
        -8388608
      ],
      [
        275313,
        165287,
        105035,
        165183,
        306353,
        164729,
        8388607,
        428194,
        165066,
        19669,
        112356,
        -1128549,
        64270,
        362005,
        40173,
        -8388608
      ],
      [
        275768,
        165446,
        105627,
        165321,
        306590,
        163819,
        8388607,
        428648,
        165018,
        19802,
        112600,
        -1132241,
        64899,
        362121,
        40444,
        -8388608
      ],
      [
        276121,
        165633,
        105969,
        165435,
        306748,
        160881,
        8388607,
        429190,
        165544,
        20035,
        112909,
        -1138748,
        65133,
        362306,
        40809,
        -8388608
      ],
      [
        276251,
        166518,
        105663,
        165457,
        306805,
        159009,
        8388607,
        428949,
        165556,
        20310,
        112640,
        -1144381,
        65291,
        362338,
        40987,
        -8388608
      ],
      [
        276020,
        165773,
        105002,
        165351,
        306666,
        161601,
        8388607,
        428084,
        165255,
        20038,
        112635,
        -1155592,
        64301,
        362304,
        40433,
        -8388608
      ],
      [
        275751,
        166086,
        104577,
        165454,
        306545,
        159054,
        8388607,
        428036,
        165393,
        19976,
        113154,
        -1166732,
        63331,
        362468,
        40544,
        -8388608
      ]
    ],
    "uv": [
      [
        1849.0095523446325,
        1109.3262585734462,
        700.8493652118643,
        1113.616444576271,
        2061.693671313559,
        1103.1502765254236,
        56497.14966185028,
        2875.1048554661015,
        1110.9695951271185,
        136.43734387005648,
        759.2416927542372,
        -7665.302944689264,
        420.9433522175141,
        2439.815983333333,
        269.5408697316384,
        -56497.15639683615
      ],
      [
        1851.4812921610167,
        1111.5151289830508,
        703.7790840677965,
        1112.357002217514,
        2064.8187047598867,
        1087.9224734604518,
        56497.14966185028,
        2879.805875607344,
        1111.3871642514123,
        134.8276822457627,
        760.0364210875705,
        -7641.252310127118,
        425.8464219350282,
        2438.697975677966,
        269.3186151977401,
        -56497.15639683615
      ],
      [
        1853.3872931638416,
        1112.9833559039546,
        706.5471632627118,
        1113.043970776836,
        2063.8084568785307,
        1104.5982984887005,
        56497.14966185028,
        2882.5268099011296,
        1112.4647619915254,
        135.18463649717512,
        760.9119692514123,
        -7608.116179618643,
        430.0490531214689,
        2438.9875800706213,
        270.9417467937853,
        -56497.15639683615
      ],
      [
        1854.2291663983049,
        1113.205610437853,
        707.4092414548022,
        1112.5051719067794,
        2063.283127980226,
        1109.447488319209,
        56497.14966185028,
        2883.8805420621466,
        1111.7171785593218,
        132.4704371892655,
        756.7160730508474,
        -7600.761575042372,
        432.8575422316384,
        2438.098561935028,
        270.5645875847457,
        -56497.15639683615
      ],
      [
        1857.2935849717512,
        1114.2764731920902,
        711.3963530932202,
        1113.434599957627,
        2064.8793196327683,
        1103.3186511723163,
        56497.14966185028,
        2886.938225649717,
        1111.393899237288,
        133.36619031073445,
        758.3594096045197,
        -7625.62714289548,
        437.0938483474576,
        2438.87982029661,
        272.38976875706214,
        -56497.15639683615
      ],
      [
        1859.6710349858754,
        1115.5359155508472,
        713.6997182627118,
        1114.2023883474576,
        2065.9434474011296,
        1083.5312626694913,
        56497.14966185028,
        2890.58858799435,
        1114.9365018079095,
        134.935442019774,
        760.440520240113,
        -7669.4516959887,
        438.6698350423728,
        2440.1257926836156,
        274.8480386016949,
        -56497.15639683615
      ],
      [
        1860.5465831497172,
        1121.4963780508474,
        711.6388125847457,
        1114.350558036723,
        2066.327341596045,
        1070.9233691101695,
        56497.14966185028,
        2888.965456398305,
        1115.017321638418,
        136.78756313559322,
        758.628809039548,
        -7707.389871426552,
        439.7339628107344,
        2440.3413122316383,
        276.0468660875706,
        -56497.15639683615
      ],
      [
        1858.9908014124292,
        1116.4788135734461,
        707.1869869209039,
        1113.6366495338982,
        2065.391178559322,
        1088.3804524999998,
        56497.14966185028,
        2883.139693615819,
        1112.9900908898303,
        134.9556469774011,
        758.5951341101694,
        -7782.895798079095,
        433.06632679378527,
        2440.112322711864,
        272.31568391242934,
        -56497.15639683615
      ],
      [
        1857.1790902118641,
        1118.5868641525421,
        704.3246179237287,
        1114.3303530790959,
        2064.576245268361,
        1071.2264434745762,
        56497.14966185028,
        2882.816414293785,
        1113.9195189406778,
        134.53807785310732,
        762.0905917796609,
        -7857.923540734462,
        426.5333904943502,
        2441.21686039548,
        273.0632673446327,
        -56497.15639683615
      ]
    ],
    "imu": [
      [
        [
          -1.001953125,
          -0.02392578125,
          0.072265625
        ],
        [
          -0.1220703125,
          0.30517578125,
          0.06103515625
        ],
        [
          3.5999999999999996,
          13.049999999999999,
          -52.65
        ]
      ],
      [
        [
          -0.9912109375,
          -0.015625,
          0.0263671875
        ],
        [
          -1.28173828125,
          1.220703125,
          0.30517578125
        ],
        [
          13.35,
          22.2,
          -7.35
        ]
      ]
    ],
    "s": [
      4716,
      153
    ],
    "t": 1766725837.5281832
  },
  "dev2": null,
  "active": [
    1
  ]
}
[realtimeEngine] ================================================


[realtimeEngine] ========== 收到 ble_server 数据包 ==========
[realtimeEngine] 数据包类型: data
[realtimeEngine] 接收时间: 2025-12-26T05:10:37.536Z
[realtimeEngine] 完整数据包内容: {
  "type": "data",
  "ts": 1766725837.5367832,
  "dev1": {
    "f": 4869,
    "n": 9,
    "raw": [
      [
        275159,
        165843,
        103801,
        165362,
        306587,
        158491,
        8388607,
        427745,
        165320,
        19890,
        112906,
        -1173554,
        62388,
        362434,
        40476,
        -8388608
      ],
      [
        274201,
        165774,
        102541,
        165329,
        306464,
        159198,
        8388607,
        426738,
        165301,
        19731,
        112556,
        -1176718,
        61293,
        362250,
        39849,
        -8388608
      ],
      [
        273510,
        164898,
        101751,
        165442,
        306488,
        159022,
        8388607,
        425685,
        165103,
        19646,
        112829,
        -1180504,
        60480,
        362106,
        39956,
        -8388608
      ],
      [
        273026,
        164793,
        100999,
        165076,
        306652,
        158378,
        8388607,
        424847,
        165153,
        19703,
        112441,
        -1183862,
        59546,
        362182,
        39818,
        -8388608
      ],
      [
        272595,
        164976,
        100615,
        165226,
        306631,
        159061,
        8388607,
        424412,
        165119,
        19851,
        112339,
        -1186376,
        58827,
        362575,
        39728,
        -8388608
      ],
      [
        272481,
        164888,
        100212,
        165109,
        306096,
        158894,
        8388607,
        424073,
        165043,
        19942,
        112439,
        -1183841,
        58444,
        362319,
        39403,
        -8388608
      ],
      [
        272242,
        165544,
        99985,
        164983,
        305859,
        157932,
        8388607,
        423931,
        164788,
        19732,
        112656,
        -1178180,
        58624,
        362081,
        39333,
        -8388608
      ],
      [
        272556,
        165426,
        100682,
        165334,
        306239,
        159367,
        8388607,
        424269,
        164894,
        19686,
        113045,
        -1173085,
        59030,
        362014,
        39723,
        -8388608
      ],
      [
        273191,
        165523,
        101181,
        165603,
        306450,
        162037,
        8388607,
        425171,
        165373,
        20077,
        112891,
        -1166269,
        60069,
        362293,
        40035,
        -8388608
      ]
    ],
    "uv": [
      [
        1853.191978573446,
        1116.9502625847456,
        699.0982688841807,
        1113.710734378531,
        2064.859114675141,
        1067.4346464265536,
        56497.14966185028,
        2880.8565334039545,
        1113.4278649717512,
        133.9588690677966,
        760.4203152824858,
        -7903.86961437853,
        420.18229881355927,
        2440.987870875706,
        272.60528830508474,
        -56497.15639683615
      ],
      [
        1846.7398621045195,
        1116.4855485593218,
        690.6121866807908,
        1113.4884798446326,
        2064.0307114124294,
        1072.196281440678,
        56497.14966185028,
        2874.074402627118,
        1113.299900240113,
        132.88800631355932,
        758.0630702259887,
        -7925.179109689265,
        412.80748927966096,
        2439.748633474576,
        268.38245216101694,
        -56497.15639683615
      ],
      [
        1842.0859868644066,
        1110.5857009322033,
        685.291547838983,
        1114.2495332485873,
        2064.192351073446,
        1071.0109239265535,
        56497.14966185028,
        2866.9824624999997,
        1111.966373036723,
        132.31553251412427,
        759.9017213700564,
        -7950.677766214689,
        407.3319457627118,
        2438.778795508474,
        269.1030956497175,
        -56497.15639683615
      ],
      [
        1838.8262537005648,
        1109.8785274152542,
        680.2268384604519,
        1111.784528418079,
        2065.296888757062,
        1066.6735930225987,
        56497.14966185028,
        2861.338544336158,
        1112.3031223305084,
        132.69942670903953,
        757.2885468502824,
        -7973.29384878531,
        401.0414689548022,
        2439.290654435028,
        268.17366759887,
        -56497.15639683615
      ],
      [
        1835.9234747881353,
        1111.1110298305084,
        677.6406038841807,
        1112.794776299435,
        2065.155454053672,
        1071.2735883757061,
        56497.14966185028,
        2858.4088254802255,
        1112.0741328107342,
        133.69620461864406,
        756.6015782909603,
        -7990.2256032768355,
        396.19901411016946,
        2441.9375038841804,
        267.56751887005646,
        -56497.15639683615
      ],
      [
        1835.1556863983049,
        1110.5183510734462,
        674.9264045762711,
        1112.0067829519774,
        2061.552236610169,
        1070.148845734463,
        56497.14966185028,
        2856.1256652683614,
        1111.5622738841807,
        134.3090883333333,
        757.275076878531,
        -7973.15241408192,
        393.619514519774,
        2440.2133474999996,
        265.3786484604519,
        -56497.15639683615
      ],
      [
        1833.5460247740111,
        1114.9365018079095,
        673.3975627824858,
        1111.1581747316384,
        2059.956044957627,
        1063.6697893220337,
        56497.14966185028,
        2855.169297274011,
        1109.8448524858757,
        132.89474129943503,
        758.7365688135592,
        -7935.0256590395475,
        394.83181197740106,
        2438.6104208615816,
        264.90719944915253,
        -56497.15639683615
      ],
      [
        1835.6608103389829,
        1114.1417734745762,
        678.091847937853,
        1113.5221547740111,
        2062.5153395903953,
        1073.3344940536722,
        56497.14966185028,
        2857.4457224999996,
        1110.5587609887004,
        132.58493194915252,
        761.3564783192089,
        -7900.710906002824,
        397.5662162429378,
        2438.1591768079093,
        267.5338439406779,
        -56497.15639683615
      ],
      [
        1839.9375263700563,
        1114.7950671045196,
        681.4526058898305,
        1115.3338659745762,
        2063.9364216101694,
        1091.3169063418077,
        56497.14966185028,
        2863.5206797598867,
        1113.7848192231638,
        135.21831142655367,
        760.3192904943502,
        -7854.80524227401,
        404.56386656779654,
        2440.038237867231,
        269.6351595338983,
        -56497.15639683615
      ]
    ],
    "imu": [
      [
        [
          -1.00390625,
          -0.02734375,
          0.07177734375
        ],
        [
          0.30517578125,
          0.6103515625,
          -0.1220703125
        ],
        [
          3.75,
          13.2,
          -53.85
        ]
      ],
      [
        [
          -0.99609375,
          -0.013671875,
          0.0244140625
        ],
        [
          -1.52587890625,
          1.28173828125,
          0.3662109375
        ],
        [
          10.799999999999999,
          19.95,
          -9.6
        ]
      ]
    ],
    "s": [
      4725,
      153
    ],
    "t": 1766725837.5337799
  },
  "dev2": null,
  "active": [
    1
  ]
}
[realtimeEngine] ================================================


[realtimeEngine] ========== 收到 ble_server 数据包 ==========
[realtimeEngine] 数据包类型: data
[realtimeEngine] 接收时间: 2025-12-26T05:10:37.542Z
[realtimeEngine] 完整数据包内容: {
  "type": "data",
  "ts": 1766725837.5422947,
  "dev1": {
    "f": 4878,
    "n": 9,
    "raw": [
      [
        273993,
        165944,
        102232,
        165711,
        306783,
        164851,
        8388607,
        426000,
        165821,
        20444,
        112995,
        -1159346,
        61216,
        362868,
        40215,
        -8388608
      ],
      [
        274376,
        165786,
        102596,
        165836,
        306729,
        165811,
        8388607,
        426623,
        165970,
        20157,
        112943,
        -1153967,
        62074,
        362767,
        40073,
        -8388608
      ],
      [
        274508,
        165676,
        102985,
        165373,
        306673,
        164702,
        8388607,
        427063,
        165498,
        20070,
        112536,
        -1148041,
        62744,
        362548,
        39457,
        -8388608
      ],
      [
        274904,
        166475,
        103818,
        164848,
        306729,
        162761,
        8388607,
        427609,
        165282,
        19922,
        112598,
        -1142655,
        63433,
        362514,
        39216,
        -8388608
      ],
      [
        275301,
        165868,
        104463,
        165000,
        306420,
        161864,
        8388607,
        428309,
        165302,
        19921,
        113038,
        -1139897,
        64514,
        362664,
        39264,
        -8388608
      ],
      [
        275876,
        165349,
        105094,
        165426,
        306323,
        160832,
        8388607,
        428847,
        165509,
        20048,
        113060,
        -1138029,
        65193,
        362836,
        39723,
        -8388608
      ],
      [
        276009,
        165339,
        105608,
        165546,
        306412,
        160269,
        8388607,
        429096,
        165608,
        20448,
        113207,
        -1140952,
        65352,
        362816,
        39945,
        -8388608
      ],
      [
        276241,
        166234,
        106078,
        165886,
        306707,
        159052,
        8388607,
        429349,
        165724,
        20656,
        113601,
        -1145119,
        65511,
        363256,
        40483,
        -8388608
      ],
      [
        276138,
        165776,
        106024,
        165748,
        306799,
        158165,
        8388607,
        429029,
        165916,
        20613,
        113433,
        -1151211,
        64768,
        363217,
        40431,
        -8388608
      ]
    ],
    "uv": [
      [
        1845.3389850423728,
        1117.630496158192,
        688.5310760451977,
        1116.0612444491524,
        2066.1791719067796,
        1110.2691565960451,
        56497.14966185028,
        2869.103983050847,
        1116.8020928954802,
        137.69005124293784,
        761.0197290254237,
        -7808.178935056496,
        412.2888953672316,
        2443.910854745762,
        270.8474569915254,
        -56497.15639683615
      ],
      [
        1847.9184846327682,
        1116.5663683898304,
        690.9826109039548,
        1116.9031176836156,
        2065.8154826694913,
        1116.734743036723,
        56497.14966185028,
        2873.299879251412,
        1117.8056057909603,
        135.75711029661016,
        760.6695097598869,
        -7771.951446031073,
        418.06751324858755,
        2443.230621172316,
        269.89108899717513,
        -56497.15639683615
      ],
      [
        1848.8075027683615,
        1115.8255199435027,
        693.6025204096045,
        1113.7848192231638,
        2065.4383234604516,
        1109.2656437005649,
        56497.14966185028,
        2876.2632730367227,
        1114.626692457627,
        135.1711665254237,
        757.9283705084745,
        -7732.039919731637,
        422.5799537853107,
        2441.7556592655365,
        265.7423376977401,
        -56497.15639683615
      ],
      [
        1851.474557175141,
        1121.2067736581919,
        699.2127636440678,
        1110.248951638418,
        2065.8154826694913,
        1096.193036115819,
        56497.14966185028,
        2879.9405753248584,
        1113.1719355084745,
        134.1743886158192,
        758.3459396327682,
        -7695.765285805084,
        427.22035905367227,
        2441.5266697457623,
        264.1192061016949,
        -56497.15639683615
      ],
      [
        1854.1483465677964,
        1117.1186372316383,
        703.5568295338982,
        1111.2726694915252,
        2063.734372033898,
        1090.1517537853106,
        56497.14966185028,
        2884.655065437853,
        1113.3066352259887,
        134.1676536299435,
        761.309333418079,
        -7677.190194759886,
        434.5008787853107,
        2442.5369176271183,
        264.4424854237288,
        -56497.15639683615
      ],
      [
        1858.0209634463274,
        1113.6231795621468,
        707.8066056214689,
        1114.1417734745762,
        2063.0810784039545,
        1083.2012483615817,
        56497.14966185028,
        2888.2784878389825,
        1114.7007773022597,
        135.02299683615817,
        761.4575031073446,
        -7664.609241144067,
        439.0739341949152,
        2443.69533519774,
        267.5338439406779,
        -56497.15639683615
      ],
      [
        1858.9167165677964,
        1113.5558297033897,
        711.2683883615819,
        1114.949971779661,
        2063.6804921468924,
        1079.4094513135592,
        56497.14966185028,
        2889.9554993220336,
        1115.3675409039547,
        137.71699118644065,
        762.4475460310733,
        -7684.295604858756,
        440.14479694915246,
        2443.5606354802258,
        269.02901080508474,
        -56497.15639683615
      ],
      [
        1860.4792332909603,
        1119.5836420621467,
        714.4338317231637,
        1117.239866977401,
        2065.6673129802257,
        1071.2129735028248,
        56497.14966185028,
        2891.659450748587,
        1116.1487992655366,
        139.11786824858754,
        765.1011304661016,
        -7712.360291002824,
        441.2156597033898,
        2446.5240292655362,
        272.65243320621465,
        -56497.15639683615
      ],
      [
        1859.7855297457625,
        1116.4990185310733,
        714.0701424858756,
        1116.3104389265536,
        2066.2869316807905,
        1065.2390410310734,
        56497.14966185028,
        2889.5042552683612,
        1117.4419165536722,
        138.8282638559322,
        763.9696528389829,
        -7753.389824957626,
        436.2115651977401,
        2446.261364816384,
        272.3022139406779,
        -56497.15639683615
      ]
    ],
    "imu": [
      [
        [
          -0.9990234375,
          -0.02099609375,
          0.06689453125
        ],
        [
          0.06103515625,
          0.3662109375,
          -0.06103515625
        ],
        [
          3.75,
          13.2,
          -53.85
        ]
      ],
      [
        [
          -0.998046875,
          -0.01904296875,
          0.029296875
        ],
        [
          -1.5869140625,
          1.0986328125,
          0.244140625
        ],
        [
          11.85,
          20.7,
          -8.85
        ]
      ]
    ],
    "s": [
      4734,
      153
    ],
    "t": 1766725837.5382957
  },
  "dev2": null,
  "active": [
    1
  ]
}
